Ulke,Yil,Elektrik_Erisim_%,Temiz_Yakit_Erisim,Yenilenebilir_Kapasite_KisiBasi,Gelismis_Ulkeler_Finansal_Akisi,Yenilenebilir_Enerji_Orani,Fosil_Yakit_Elektrik_TWh,Nukleer_Elektrik_TWh,Yenilenebilir_Elektrik_TWh,Dusuk_Karbon_Elektrik_%,KisiBasi_Enerji_Tuketimi,Enerji_Yoğunluğu,CO2_Emisyonu_kt,Yenilenebilir_Enerji_%,Gdp_Buyume,Gdp_KisiBasi,Nufus_Yogunlugu,Yuzolcumu_Km2,Enlem,Boylam,Kalkinma_Endeksi
Benin,2000,21.531084,0.6,0.07,94224000.0,70.29,0.08,0.0,0.0,0.0,980.96387,4.88,1420.0,11.986706828095237,5.857714205,512.673902,108.0,112622.0,9.30769,2.315834,0.12324345042725099
Benin,2001,21.9,0.8,0.07,94224000.0,66.86,0.06,0.0,0.0,0.0,1083.3461,4.93,1740.0,11.986706828095237,5.333135706,518.0674741,108.0,112622.0,9.30769,2.315834,0.1208734035851127
Benin,2002,23.415928,1.0,0.07,90000.0,64.04,0.06,0.0,0.0,0.0,1204.5461,5.05,2180.000067,11.986706828095237,4.643030871,574.9297982,108.0,112622.0,9.30769,2.315834,0.12002133463181983
Benin,2003,24.349323,1.3,0.07,94224000.0,61.73,0.07,0.0,0.0,0.0,1357.0039,5.15,2440.000057,11.986706828095237,3.443576776,711.2849548,108.0,112622.0,9.30769,2.315834,0.11899951468352338
Benin,2004,25.279833,1.7,0.06,0.0,60.69,0.08,0.0,0.0,0.0,1388.154,5.15,2650.000095,11.986706828095237,4.429684554,798.7443045,108.0,112622.0,9.30769,2.315834,0.11967367073394095
Benin,2005,26.209805,2.1,0.06,94224000.0,59.2,0.1,0.0,0.0,0.0,1262.3934,5.08,2900.000095,11.986706828095237,1.713164564,822.7851431,108.0,112622.0,9.30769,2.315834,0.11819852211511514
Benin,2006,27.9,2.5,0.06,8540000.0,57.31,0.14,0.0,0.0,0.0,1672.0192,5.76,3470.000029,11.986706828095237,3.943738828,856.0549166,108.0,112622.0,9.30769,2.315834,0.12099233044587708
Benin,2007,28.078016,2.9,0.06,94224000.0,54.49,0.2,0.0,0.0,0.0,1918.3821,5.91,4000.0,11.986706828095237,5.986349322,966.2036183,108.0,112622.0,9.30769,2.315834,0.1205293477802505
Benin,2008,29.021614,3.4,0.06,570000.0,54.76,0.21,0.0,0.0,0.0,1904.8895,5.76,4019.999981,11.986706828095237,4.896577084,1125.426134,108.0,112622.0,9.30769,2.315834,0.12115279213669163
Benin,2009,29.975151,3.7,0.06,8850000.0,52.83,0.12,0.0,0.0,0.0,2054.215,5.91,4420.000076,11.986706828095237,2.319292139,1088.757906,108.0,112622.0,9.30769,2.315834,0.11988802564549174
Benin,2010,34.2,4.0,0.05,170000.0,47.19,0.11,0.0,0.0,0.0,2287.7693,6.0,4829.999924,11.986706828095237,2.114064726,1036.534515,108.0,112622.0,9.30769,2.315834,0.11905900016631692
Benin,2011,36.9,4.1,0.05,370000.0,48.7,0.09,0.0,0.0,0.0,2071.1877,5.82,4650.000095,11.986706828095237,2.963752919,1130.273251,108.0,112622.0,9.30769,2.315834,0.12236834187130866
Benin,2012,38.4,4.3,0.05,70000.0,50.33,0.05,0.0,0.0,0.0,1909.2642,5.61,4440.000057,11.986706828095237,4.811223316,1145.140105,108.0,112622.0,9.30769,2.315834,0.12522557425387196
Benin,2013,34.69122,4.3,0.05,94224000.0,51.97,0.09,0.0,0.0,0.0,1889.7343,5.71,4679.999828,11.986706828095237,7.191433721,1251.209767,108.0,112622.0,9.30769,2.315834,0.12493827713272601
Benin,2014,34.1,4.3,0.07,12880000.0,51.05,0.22,0.0,0.0,0.0,1940.2653,5.54,5190.000057,11.986706828095237,6.357679098,1291.410185,108.0,112622.0,9.30769,2.315834,0.1230376752721381
Benin,2015,29.62,4.3,0.16,571900000.0,49.94,0.3,0.0,0.0,0.0,2083.4993,5.79,5510.000229,11.986706828095237,1.77815106,1076.796698,108.0,112622.0,9.30769,2.315834,0.11726318528414008
Benin,2016,37.095245,4.3,0.31,1280000.0,45.42,0.25,0.0,0.0,0.0,2467.0088,6.22,6739.999771,11.986706828095237,3.339673426,1087.287331,108.0,112622.0,9.30769,2.315834,0.12126429188529884
Benin,2017,34.5,4.2,0.3,257820000.0,45.38,0.31,0.0,0.0,0.0,2540.225,6.11,6869.999886,11.986706828095237,5.671555469,1136.593872,108.0,112622.0,9.30769,2.315834,0.11989522212180392
Benin,2018,39.246918,4.2,0.3,1940000.0,43.97,0.19,0.0,0.0,0.0,2736.8003,6.05,7420.000076,11.986706828095237,6.697259461,1241.825298,108.0,112622.0,9.30769,2.315834,0.12287282437391026
Benin,2019,40.32869,4.0,0.29,40000.0,46.47,0.19,0.0,0.01,5.0,2416.162,5.69,7300.000191,11.986706828095237,6.865687336,1219.515506,108.0,112622.0,9.30769,2.315834,0.12467226637849271
Benin,2020,41.410957,4.0,0.28,94224000.0,32.63816497829233,0.22,0.0,0.01,4.347826,2518.621,5.3073450588901805,159866.46268574602,11.986706828095237,3.8487924,1291.040972,108.0,112622.0,9.30769,2.315834,0.11344784385236702
Chad,2000,3.1798813,3.0,0.24,94224000.0,88.7,0.08,0.0,0.01,11.111111,124.966064,8.21,290.0,11.986706828095237,-0.879681025,166.1757089,13.0,1284000.0,15.454166,18.732207,0.13016271048444808
Chad,2001,3.5271144,2.8,0.23,5880000.0,88.6,0.09,0.0,0.01,10.0,116.015,7.51,340.0,11.986706828095237,11.65813465,197.1460821,13.0,1284000.0,15.454166,18.732207,0.13376451629975478
Chad,2002,3.8667629,2.5,0.22,94224000.0,88.53,0.09,0.0,0.01,10.0,110.641914,7.05,400.000006,11.986706828095237,8.491209819,221.4165369,13.0,1284000.0,15.454166,18.732207,0.13135062096795863
Chad,2003,4.201176,2.5,0.21,94224000.0,83.91,0.1,0.0,0.01,9.090909,105.11012,6.56,449.9999881,11.986706828095237,14.72166701,292.6008802,13.0,1284000.0,15.454166,18.732207,0.1293801717472124
Chad,2004,3.5,2.45,0.2,94224000.0,84.0,0.11,0.0,0.01,8.333334,105.9355,5.0,449.9999881,11.986706828095237,33.62937185,454.3363652,13.0,1284000.0,15.454166,18.732207,0.13312437402587923
Chad,2005,4.8636937,2.4,0.2,94224000.0,83.82,0.11,0.0,0.01,8.333334,109.55552,4.35,479.9999893,11.986706828095237,17.33253374,658.566973,13.0,1284000.0,15.454166,18.732207,0.12582391723082037
Chad,2006,5.1965566,2.4,0.19,94224000.0,83.74,0.12,0.0,0.01,7.692308,107.3414,4.4,509.9999905,11.986706828095237,0.648262014,710.3963987,13.0,1284000.0,15.454166,18.732207,0.11924014135076073
Chad,2007,5.533941,2.3,0.19,25860000.0,82.8,0.12,0.0,0.0,0.0,114.514046,4.38,500.0,11.986706828095237,3.271499579,799.603742,13.0,1284000.0,15.454166,18.732207,0.11977250809382606
Chad,2008,5.8785563,2.3,0.18,94224000.0,80.63,0.14,0.0,0.0,0.0,116.01666,4.43,540.0000215,11.986706828095237,3.052691532,929.3827519,13.0,1284000.0,15.454166,18.732207,0.11841218602401579
Chad,2009,6.2331114,2.5,0.17,94224000.0,79.78,0.17,0.0,0.01,5.5555553,122.113625,4.37,790.0000215,11.986706828095237,4.217695552,803.6863884,13.0,1284000.0,15.454166,18.732207,0.11842885311894703
Chad,2010,6.4,2.6,0.17,94224000.0,79.01,0.18,0.0,0.01,5.263158,130.90942,3.95,1240.00001,11.986706828095237,13.55010086,892.5688697,13.0,1284000.0,15.454166,18.732207,0.12096100868710935
Chad,2011,8.98,2.8,0.16,0.0,82.37,0.18,0.0,0.01,5.263158,180.9343,4.08,1100.000024,11.986706828095237,0.082869798,984.7361305,13.0,1284000.0,15.454166,18.732207,0.1206015802335402
Chad,2012,7.835406,2.9,0.16,94224000.0,79.73,0.23,0.0,0.0,0.0,302.57126,3.62,1860.000014,11.986706828095237,8.882576072,967.3529488,13.0,1284000.0,15.454166,18.732207,0.12026758999691027
Chad,2013,8.126558,3.3,0.16,30000.0,76.45,0.26,0.0,0.0,0.0,302.8611,3.55,2190.000057,11.986706828095237,5.700001363,979.8117426,13.0,1284000.0,15.454166,18.732207,0.1166979811206422
Chad,2014,8.405685,3.7,0.15,20000.0,76.86,0.27,0.0,0.0,0.0,303.73856,3.53,2259.99999,11.986706828095237,6.899985045,1020.287979,13.0,1284000.0,15.454166,18.732207,0.11802836374368283
Chad,2015,7.7,4.1,0.15,20000.0,77.35,0.28,0.0,0.0,0.0,298.34583,3.31,2390.000105,11.986706828095237,2.767675685,776.0197523,13.0,1284000.0,15.454166,18.732207,0.11578847083464269
Chad,2016,9.263847,4.6,0.22,41330000.0,77.77,0.28,0.0,0.01,3.448276,286.59064,3.72,2210.000038,11.986706828095237,-6.255527085,693.4497674,13.0,1284000.0,15.454166,18.732207,0.11489772710729981
Chad,2017,10.9,5.1,0.22,10000.0,78.27,0.29,0.0,0.01,3.3333333,446.25546,3.87,2150.000095,11.986706828095237,-2.988695986,665.9488849,13.0,1284000.0,15.454166,18.732207,0.11869894064890747
Chad,2018,10.11404,5.5,0.21,94224000.0,77.7,0.29,0.0,0.01,3.3333333,457.11847,3.85,2190.000057,11.986706828095237,2.3740378,726.1510071,13.0,1284000.0,15.454166,18.732207,0.12015842335134382
Chad,2019,8.4,6.1,0.21,94224000.0,77.79,0.3,0.0,0.01,3.2258065,458.18085,3.77,2250.0,11.986706828095237,3.247181917,709.5400432,13.0,1284000.0,15.454166,18.732207,0.11952041944274948
Chad,2020,11.080117,6.8,0.2,94224000.0,32.63816497829233,0.28,0.0,0.01,3.448276,372.5109,5.3073450588901805,159866.46268574602,11.986706828095237,-0.947304885,659.270045,13.0,1284000.0,15.454166,18.732207,0.0889588701391789
China,2000,97.0218,42.0,58.78,243620000.0,29.63,1113.3,16.74,225.56,17.874004,9334.936,10.85,3346530.0,5.656925,8.490093406,959.3724836,153.0,9596960.0,35.86166,104.195397,0.2452466066971216
China,2001,97.27279,42.3,61.01,325050000.0,28.36,1182.59,17.47,280.73,20.1379,9797.812,10.36,3529080.0,6.618624,8.335733478,1053.108243,153.0,9596960.0,35.86166,104.195397,0.24888369209508726
China,2002,97.516205,43.1,63.68,218270000.0,27.0,1337.46,25.13,291.41,19.137848,10602.087,10.12,3810060.059,6.2804885,9.13363079,1148.50829,153.0,9596960.0,35.86166,104.195397,0.25384528604130324
China,2003,97.75438,43.4,70.24,22510000.0,23.86,1579.96,43.34,287.28,17.304693,12273.32,10.48,4415910.156,5.3011093,10.03803048,1288.643252,153.0,9596960.0,35.86166,104.195397,0.2623856358332007
China,2004,97.98967,44.9,77.85,32680000.0,20.17,1795.41,50.47,357.43,18.513056,14272.745,10.83,5124819.824,5.60094,10.11362138,1508.668098,153.0,9596960.0,35.86166,104.195397,0.27424502115059474
China,2005,98.22443,46.3,86.43,155060000.0,17.44,2042.8,53.09,404.37,18.296497,16114.158,10.72,5824629.883,5.554481,11.39459181,1753.417829,153.0,9596960.0,35.86166,104.195397,0.28505605945138124
China,2006,98.46105,47.7,96.27,127720000.0,16.39,2364.16,54.84,446.72,17.50206,17552.816,10.41,6437470.215,5.5779824,12.72095567,2099.229435,153.0,9596960.0,35.86166,104.195397,0.29702618717532353
China,2007,98.7022,49.4,109.0,24770000.0,14.88,2718.7,62.13,500.71,17.151705,18955.008,9.81,6993180.176,5.718535,14.23086093,2693.970063,153.0,9596960.0,35.86166,104.195397,0.30959018020404755
China,2008,98.95058,51.1,128.8,142770000.0,14.14,2762.29,68.39,665.08,20.981703,19560.7,9.18,7199600.098,7.268667,9.65067892,3468.304602,153.0,9596960.0,35.86166,104.195397,0.3181459625608093
China,2009,99.2089,53.5,150.78,58540000.0,13.43,2980.2,70.05,664.39,19.7715,20281.068,8.95,7719069.824,6.9355316,9.398725632,3832.236432,153.0,9596960.0,35.86166,104.195397,0.3267691146389977
China,2010,99.7,55.6,170.41,131240000.0,12.26,3326.19,74.74,786.38,20.564993,21551.547,8.93,8474919.922,7.615998,10.63587106,4550.453108,153.0,9596960.0,35.86166,104.195397,0.34551702788005884
China,2011,99.848724,58.0,194.62,43040000.0,11.34,3811.77,87.2,792.38,18.748974,23090.885,8.75,9282549.805,7.084204,9.550832179,5614.352135,153.0,9596960.0,35.86166,104.195397,0.36151927962813146
China,2012,99.96193,60.7,218.25,100650000.0,11.53,3869.38,98.32,999.56,22.102327,23873.234,8.41,9541870.117,8.522597,7.863736449,6300.615118,153.0,9596960.0,35.86166,104.195397,0.37592392687260695
China,2013,99.996445,63.2,258.3,301710000.0,11.45,4203.77,111.5,1093.37,22.276764,24600.36,8.05,9984570.313,8.959421,7.766150098,7020.338485,153.0,9596960.0,35.86166,104.195397,0.3916689468423381
China,2014,100.0,66.0,296.29,229420000.0,11.94,4345.86,133.22,1289.23,24.659735,25072.023,7.69,10006669.92,10.19733,7.425763656,7636.116601,153.0,9596960.0,35.86166,104.195397,0.4070238468361964
China,2015,100.0,68.4,340.55,92000000.0,12.18,4222.76,171.38,1393.66,27.040327,25209.49,7.21,9861099.609,10.787498,7.041328879,8016.431435,153.0,9596960.0,35.86166,104.195397,0.414108503044675
China,2016,100.0,70.6,382.59,1245180000.0,12.56,4355.0,213.18,1522.79,28.500713,25164.803,6.71,9874660.156,11.530947,6.848762205,8094.363367,153.0,9596960.0,35.86166,104.195397,0.427169397788541
China,2017,100.0,73.2,436.9,372490000.0,13.13,4643.1,248.1,1667.06,29.20226,25987.611,6.51,10096009.77,12.138821,6.947200793,8816.986905,153.0,9596960.0,35.86166,104.195397,0.4460509424750482
China,2018,100.0,75.6,487.16,318260000.0,13.71,4990.28,295.0,1835.32,29.917704,27109.42,6.39,10502929.69,12.807393,6.749773832,9905.342004,153.0,9596960.0,35.86166,104.195397,0.4693138342168967
China,2019,100.0,77.6,529.28,201540000.0,14.45,5098.22,348.7,2014.57,31.672895,28277.445,6.31,10707219.73,13.51596,5.949714233,10143.83817,153.0,9596960.0,35.86166,104.195397,0.48758381859718053
China,2020,100.0,79.4,621.74,94224000.0,32.63816497829233,5184.13,366.2,2184.94,32.980618,29133.936,5.3073450588901805,159866.46268574602,14.242872,2.347513573,10434.77519,153.0,9596960.0,35.86166,104.195397,0.4362257131499568
Iceland,2000,100.0,100.0,113.13749816041205,94224000.0,60.66,0.0,0.0,7.61,100.0,118057.81,11.18,2230.0,67.80518,4.98504277,32096.37226,3.0,103000.0,64.963051,-19.020835,0.37423078510907765
Iceland,2001,100.0,100.0,113.13749816041205,94224000.0,62.12,0.0,0.0,7.96,100.0,117792.88,10.4,2160.0,69.64024,4.013497555,28897.44394,3.0,103000.0,64.963051,-19.020835,0.37271395663627005
Iceland,2002,100.0,100.0,113.13749816041205,94224000.0,61.84,0.01,0.0,8.34,99.88023,121304.664,10.65,2240.00001,69.7559,0.559519082,32409.21615,3.0,103000.0,64.963051,-19.020835,0.3749820280024669
Iceland,2003,100.0,100.0,113.13749816041205,94224000.0,61.88,0.01,0.0,8.43,99.88152,121068.53,10.43,2230.000019,69.68164,2.142688379,39476.69785,3.0,103000.0,64.963051,-19.020835,0.3794239013846821
Iceland,2004,100.0,100.0,113.13749816041205,94224000.0,61.81,0.01,0.0,8.54,99.88304,122384.42,9.57,2319.999933,68.89618,7.802399508,47334.93065,3.0,103000.0,64.963051,-19.020835,0.3842730554451728
Iceland,2005,100.0,100.0,113.13749816041205,94224000.0,62.47,0.01,0.0,8.61,99.88399,120874.47,9.16,2289.999962,68.649345,6.124438965,56794.85016,3.0,103000.0,64.963051,-19.020835,0.38837130949089366
Iceland,2006,100.0,100.0,113.13749816041205,94224000.0,64.02,0.01,0.0,9.85,99.89859,129510.24,10.67,2329.999924,70.91828,6.316993086,57492.93425,3.0,103000.0,64.963051,-19.020835,0.398289923730165
Iceland,2007,100.0,100.0,113.13749816041205,94224000.0,67.52,0.0,0.0,11.89,100.0,144361.56,11.69,2380.000114,74.30169,8.454860096,69495.72674,3.0,103000.0,64.963051,-19.020835,0.4193000743759494
Iceland,2008,100.0,100.0,113.13749816041205,94224000.0,74.0,0.0,0.0,16.34,100.0,177673.47,12.92,2180.000067,81.15162,2.209496419,56943.37045,3.0,103000.0,64.963051,-19.020835,0.43296840553276955
Iceland,2009,100.0,100.0,113.13749816041205,94224000.0,74.69,0.0,0.0,16.71,100.0,176767.39,14.52,2109.999895,82.5026,-7.66380956,41301.27322,3.0,103000.0,64.963051,-19.020835,0.4244054646109899
Iceland,2010,100.0,100.0,113.13749816041205,94224000.0,75.96,0.0,0.0,16.74,100.0,177121.83,15.02,1960.000038,83.07628,-2.832774915,43237.07295,3.0,103000.0,64.963051,-19.020835,0.43043265051130625
Iceland,2011,100.0,100.0,113.13749816041205,94224000.0,77.19,0.0,0.0,16.85,100.0,176561.36,15.78,1889.999986,83.27399,1.845779156,47714.59223,3.0,103000.0,64.963051,-19.020835,0.4379673252068408
Iceland,2012,100.0,100.0,113.13749816041205,94224000.0,77.82,0.0,0.0,17.29,100.0,177259.34,15.24,1860.000014,83.54047,1.063636607,45995.54788,3.0,103000.0,64.963051,-19.020835,0.4362516367419722
Iceland,2013,100.0,100.0,113.13749816041205,94224000.0,76.73,0.0,0.0,17.99,100.0,181204.22,15.2,2029.999971,83.09186,4.55246032,49804.983,3.0,103000.0,64.963051,-19.020835,0.43989149996156635
Iceland,2014,100.0,100.0,113.13749816041205,94224000.0,76.99,0.0,0.0,17.8,100.0,178940.12,14.89,2049.999952,82.747856,1.687215018,54576.74481,3.0,103000.0,64.963051,-19.020835,0.44017508563690694
Iceland,2015,100.0,100.0,113.13749816041205,94224000.0,77.33,0.0,0.0,18.55,100.0,184878.39,13.58,2059.999943,81.80247,4.436663719,52951.68151,3.0,103000.0,64.963051,-19.020835,0.4384005034052966
Iceland,2016,100.0,100.0,113.13749816041205,94224000.0,80.25,0.0,0.0,18.17,100.0,183038.08,12.07,1629.999995,79.91398,6.303687107,61987.92636,3.0,103000.0,64.963051,-19.020835,0.4413406018365341
Iceland,2017,100.0,100.0,113.13749816041205,94224000.0,80.08,0.0,0.0,18.84,100.0,186955.55,12.18,1669.999957,78.81927,4.194948829,72010.14903,3.0,103000.0,64.963051,-19.020835,0.44703843938506294
Iceland,2018,100.0,100.0,113.13749816041205,94224000.0,80.71,0.0,0.0,19.43,100.0,188294.0,12.78,1700.000048,77.96496,4.892180731,74469.80406,3.0,103000.0,64.963051,-19.020835,0.4504440078895629
Iceland,2019,100.0,100.0,113.13749816041205,94224000.0,81.07,0.0,0.0,19.12,100.0,175527.73,12.27,1639.999986,80.09719,2.434823,68941.46223,3.0,103000.0,64.963051,-19.020835,0.44319472861240655
Iceland,2020,100.0,100.0,113.13749816041205,94224000.0,32.63816497829233,0.0,0.0,18.78,100.0,155754.6,5.3073450588901805,159866.46268574602,86.836586,-6.50391225,59270.18005,3.0,103000.0,64.963051,-19.020835,0.37946468669726385
Malawi,2000,4.8,2.1,26.9,6840000.0,82.62,0.15,0.0,1.09,87.90323,606.25275,5.29,710.0,11.986706828095237,1.576077837,156.3858168,203.0,118484.0,-13.254308,34.301525,0.12080995559204687
Malawi,2001,5.13952,2.1,26.24,94224000.0,83.13,0.15,0.0,1.11,88.09524,581.4494,5.51,680.0,11.986706828095237,-4.974963848,150.1489426,203.0,118484.0,-13.254308,34.301525,0.11925625988836946
Malawi,2002,5.5341597,2.1,25.6,94224000.0,83.3,0.16,0.0,1.17,87.96992,560.5774,5.66,680.0000072,11.986706828095237,1.700000014,298.4334104,203.0,118484.0,-13.254308,34.301525,0.12290002312377218
Malawi,2003,6.2,2.1,24.94,510000.0,82.83,0.12,0.0,1.23,91.11111,574.14386,5.43,750.0,11.986706828095237,5.705639438,267.3990119,203.0,118484.0,-13.254308,34.301525,0.12413087725732642
Malawi,2004,6.9,2.1,24.33,60000.0,82.45,0.15,0.0,1.34,89.932884,596.341,5.23,769.9999809,11.986706828095237,5.420497693,282.5671076,203.0,118484.0,-13.254308,34.301525,0.12378451240366127
Malawi,2005,6.696063,2.2,23.7,60000.0,83.17,0.14,0.0,1.39,90.84968,564.4167,5.09,759.9999905,11.986706828095237,3.268725827,289.5552148,203.0,118484.0,-13.254308,34.301525,0.12303452617266092
Malawi,2006,3.6532273,2.3,23.07,50000.0,82.8,0.14,0.0,1.42,91.02564,566.84424,4.85,779.9999714,11.986706828095237,4.699999992,308.1636182,203.0,118484.0,-13.254308,34.301525,0.12046813183879844
Malawi,2007,7.476292,2.3,22.45,60000.0,82.21,0.14,0.0,1.45,91.19497,548.9341,4.59,829.9999833,11.986706828095237,9.600000004,332.2590946,203.0,118484.0,-13.254308,34.301525,0.12438819806506593
Malawi,2008,7.8758984,2.4,21.82,94224000.0,80.39,0.11,0.0,1.62,93.64162,607.96954,4.46,959.9999785,11.986706828095237,7.639736775,387.6057212,203.0,118484.0,-13.254308,34.301525,0.1222389136636835
Malawi,2009,8.285444,2.45,21.22,70000.0,80.01,0.13,0.0,1.58,92.39766,549.8785,4.15,980.0000191,11.986706828095237,8.328110276,438.2118568,203.0,118484.0,-13.254308,34.301525,0.12184178423475608
Malawi,2010,8.7,2.5,20.63,15180000.0,81.21,0.13,0.0,1.83,93.36735,640.52893,3.86,889.9999857,11.986706828095237,6.874065633,478.6686885,203.0,118484.0,-13.254308,34.301525,0.12191829031195994
Malawi,2011,7.6,2.5,20.12,2410000.0,80.17,0.13,0.0,1.88,93.53234,626.8056,3.79,930.0000072,11.986706828095237,4.854055111,534.9510502,203.0,118484.0,-13.254308,34.301525,0.11924388251113319
Malawi,2012,7.4,2.4,19.61,1690000.0,80.11,0.13,0.0,1.96,93.77991,611.7529,3.77,949.9999881,11.986706828095237,1.885799507,391.5617052,203.0,118484.0,-13.254308,34.301525,0.11757929247143345
Malawi,2013,9.0,2.3,19.24,36020000.0,79.68,0.13,0.0,1.96,93.77991,604.7202,3.61,980.0000191,11.986706828095237,5.199999997,348.4298737,203.0,118484.0,-13.254308,34.301525,0.11936358515029313
Malawi,2014,11.9,2.2,22.77,1930000.0,82.7,0.13,0.0,2.08,94.117645,605.3154,3.38,850.0000238,11.986706828095237,5.700000004,371.2695217,203.0,118484.0,-13.254308,34.301525,0.12373362838444125
Malawi,2015,10.8,2.0,22.42,63510000.0,80.87,0.13,0.0,2.08,94.117645,567.38477,3.37,930.0000072,11.986706828095237,2.8,380.5969877,203.0,118484.0,-13.254308,34.301525,0.12001552587628578
Malawi,2016,11.0,1.8,21.84,350000.0,78.69,0.15,0.0,2.05,93.181816,581.6119,3.36,1120.000005,11.986706828095237,2.484040625,315.7779871,203.0,118484.0,-13.254308,34.301525,0.11806627752227361
Malawi,2017,12.7,1.6,21.66,3860000.0,75.94,0.19,0.0,1.9,90.909096,583.40607,3.32,1190.000057,11.986706828095237,4.000030517,506.1372944,203.0,118484.0,-13.254308,34.301525,0.1176794013605419
Malawi,2018,18.02,1.3,22.14,17150000.0,73.03,0.2,0.0,1.44,87.80488,542.3849,3.28,1379.999995,11.986706828095237,4.391688296,544.5934354,203.0,118484.0,-13.254308,34.301525,0.11933928660117671
Malawi,2019,11.2,1.2,21.94,101610000.0,73.02,0.2,0.0,1.5,88.23529,537.8198,3.18,1450.000048,11.986706828095237,5.448181336,591.8463896,203.0,118484.0,-13.254308,34.301525,0.1141691780586751
Malawi,2020,14.866769,1.0,21.43,94224000.0,32.63816497829233,0.21,0.0,1.5,87.7193,503.25735,5.3073450588901805,159866.46268574602,11.986706828095237,0.799998331,636.8205368,203.0,118484.0,-13.254308,34.301525,0.08878214185386812
Norway,2000,100.0,100.0,113.13749816041205,94224000.0,60.18,0.32,0.0,142.11,99.77533,129255.24,4.27,34290.0,72.39789,3.204979222,38131.46061,15.0,323802.0,60.472024,8.468946,0.3728127489259396
Norway,2001,100.0,100.0,113.13749816041205,94224000.0,59.59,0.42,0.0,120.74,99.65335,116303.484,4.3,34720.0,67.58246,2.074790394,38542.7151,15.0,323802.0,60.472024,8.468946,0.36339063835959107
Norway,2002,100.0,100.0,113.13749816041205,94224000.0,59.47,0.42,0.0,129.7,99.67722,120364.25,3.94,34369.99893,69.30982,1.44625414,43084.47247,15.0,323802.0,60.472024,8.468946,0.36804414744900893
Norway,2003,100.0,100.0,113.13749816041205,94224000.0,56.23,0.56,0.0,106.03,99.474625,105588.055,4.23,37169.99817,63.816036,0.910105664,50134.89077,15.0,323802.0,60.472024,8.468946,0.3603021944689911
Norway,2004,100.0,100.0,113.13749816041205,94224000.0,56.85,0.59,0.0,109.39,99.46354,106903.02,4.3,37340.00015,64.23876,3.96941456,57603.83602,15.0,323802.0,60.472024,8.468946,0.36777066796121627
Norway,2005,100.0,100.0,113.13749816041205,94224000.0,58.56,0.58,0.0,136.52,99.57695,121278.375,4.28,36349.99847,69.73603,2.625419938,66810.47852,15.0,323802.0,60.472024,8.468946,0.38430244006057224
Norway,2006,100.0,100.0,113.13749816041205,94224000.0,57.02,0.69,0.0,120.4,99.430176,110179.18,4.21,37200.00076,66.73525,2.399828426,74148.32008,15.0,323802.0,60.472024,8.468946,0.3809140279760443
Norway,2007,100.0,100.0,113.13749816041205,94224000.0,57.36,1.0,0.0,134.94,99.26438,117053.125,3.83,37750.0,69.2405,2.994287714,85139.96045,15.0,323802.0,60.472024,8.468946,0.39213776190035776
Norway,2008,100.0,100.0,113.13749816041205,94224000.0,58.45,0.67,0.0,140.35,99.524895,118381.93,4.44,36869.99893,69.89543,0.476345013,96944.09561,15.0,323802.0,60.472024,8.468946,0.40191742538399955
Norway,2009,100.0,100.0,113.13749816041205,94224000.0,56.72,4.41,0.0,126.49,96.63102,107938.016,4.44,37430.00031,67.78923,-1.727020309,79977.69708,15.0,323802.0,60.472024,8.468946,0.3836869717286631
Norway,2010,100.0,100.0,113.13749816041205,94224000.0,56.37,5.12,0.0,117.97,95.84045,102332.45,4.57,41409.99985,65.47019,0.701833824,87693.79007,15.0,323802.0,60.472024,8.468946,0.3855760589873874
Norway,2011,100.0,100.0,113.13749816041205,94224000.0,56.71,4.31,0.0,121.9,96.58506,102448.8,3.89,39599.99847,66.30012,0.981434479,100600.5624,15.0,323802.0,60.472024,8.468946,0.3932811227502758
Norway,2012,100.0,100.0,113.13749816041205,94224000.0,58.0,2.95,0.0,143.6,97.98704,111982.734,4.14,38490.00168,70.095116,2.703109471,101524.1419,15.0,323802.0,60.472024,8.468946,0.4030880270449705
Norway,2013,100.0,100.0,113.13749816041205,94224000.0,57.42,2.85,0.0,130.42,97.86148,103711.92,4.37,39500.0,67.50864,1.034072914,102913.4508,15.0,323802.0,60.472024,8.468946,0.3981690459082783
Norway,2014,100.0,100.0,113.13749816041205,94224000.0,56.9,3.0,0.0,137.94,97.87143,105633.75,3.77,39110.00061,68.88728,1.969544301,97019.18275,15.0,323802.0,60.472024,8.468946,0.39509341000295406
Norway,2015,100.0,100.0,113.13749816041205,94224000.0,58.12,2.99,0.0,140.07,97.90997,105580.38,3.77,39490.00168,68.87519,1.967128438,74355.51586,15.0,323802.0,60.472024,8.468946,0.38199334311637645
Norway,2016,100.0,100.0,113.13749816041205,94224000.0,59.39,2.97,0.0,145.16,97.995,106194.95,3.57,38759.99832,69.86629,1.071558977,70460.56053,15.0,323802.0,60.472024,8.468946,0.3809683631151752
Norway,2017,100.0,100.0,113.13749816041205,94224000.0,61.09,2.93,0.0,145.48,98.025734,105901.33,3.68,37720.00122,69.260994,2.323290208,75496.75406,15.0,323802.0,60.472024,8.468946,0.3856308310477258
Norway,2018,100.0,100.0,113.13749816041205,94224000.0,60.75,2.96,0.0,143.06,97.97288,103558.19,3.66,37590.00015,68.85805,1.118828479,82267.80932,15.0,323802.0,60.472024,8.468946,0.3879025916546741
Norway,2019,100.0,100.0,113.13749816041205,94224000.0,62.37,2.76,0.0,131.07,97.93769,96392.5,3.33,35950.00076,67.08509,0.745798219,75719.7529,15.0,323802.0,60.472024,8.468946,0.38007485462847596
Norway,2020,100.0,100.0,113.13749816041205,94224000.0,32.63816497829233,2.2,0.0,152.09,98.57412,103888.89,5.3073450588901805,159866.46268574602,70.96306,-0.717182669,67329.67779,15.0,323802.0,60.472024,8.468946,0.36236273639985167
South Sudan,2013,3.6078682,0.0,0.01,28370000.0,30.13,0.44,0.0,0.0,0.0,568.44324,1.2774795,1450.000048,11.986706828095237,13.12973114,1779.470365,18.0,644329.0,6.8769919,31.3069788,0.07180976793159591
South Sudan,2014,4.0971837,0.0,0.01,94224000.0,29.85,0.46,0.0,0.0,0.0,582.4618,1.2983489,1529.999971,11.986706828095237,3.373648477,1322.820364,18.0,644329.0,6.8769919,31.3069788,0.06768458858256757
South Sudan,2015,4.60134,0.0,0.01,70000.0,26.7,0.54,0.0,0.0,0.0,714.99146,1.0860982,1970.000029,11.986706828095237,-10.79336463,1119.651437,18.0,644329.0,6.8769919,31.3069788,0.05908407362563105
South Sudan,2016,5.1173677,0.0,0.04,30000.0,28.79,0.49,0.0,0.0,0.0,698.3854,5.3073450588901805,1730.000019,11.986706828095237,3.441610056684874,13283.77434796745,18.0,644329.0,6.8769919,31.3069788,0.0846514412575162
South Sudan,2017,4.2,0.0,0.04,300000.0,28.63,0.51,0.0,0.0,0.0,635.4426,5.3073450588901805,1519.999981,11.986706828095237,3.441610056684874,13283.77434796745,18.0,644329.0,6.8769919,31.3069788,0.08378902246073859
South Sudan,2018,6.1731696,0.0,0.05,280000.0,28.65,0.55,0.0,0.01,1.7857143,671.7575,5.3073450588901805,1549.999952,11.986706828095237,3.441610056684874,13283.77434796745,18.0,644329.0,6.8769919,31.3069788,0.08535416320243581
South Sudan,2019,6.707007,0.0,0.06,100000.0,26.65,0.55,0.0,0.01,1.7857143,747.48596,5.3073450588901805,1700.000048,11.986706828095237,3.441610056684874,13283.77434796745,18.0,644329.0,6.8769919,31.3069788,0.08419163154423726
South Sudan,2020,7.2413383,0.0,0.06,94224000.0,32.63816497829233,0.53,0.0,0.01,1.8518518,703.1351,5.3073450588901805,159866.46268574602,11.986706828095237,3.441610056684874,13283.77434796745,18.0,644329.0,6.8769919,31.3069788,0.09052709414276996
United States,2000,100.0,100.0,113.13749816041205,94224000.0,5.43,2697.28,753.89,350.93,29.05815,93999.86,6.73,5775810.0,4.027357,4.127484017,36334.90878,36.0,9833517.0,37.09024,-95.712891,0.42342550396818596
United States,2001,100.0,100.0,113.13749816041205,94224000.0,4.68,2678.68,768.83,280.06,28.138706,90772.18,6.54,5748260.0,3.421371,0.998340792,37133.24281,36.0,9833517.0,37.09024,-95.712891,0.41854112579006664
United States,2002,100.0,100.0,113.13749816041205,94224000.0,4.84,2727.83,780.06,336.34,29.040926,91201.06,6.5,5593029.785,4.0155067,1.741695251,38023.16111,36.0,9833517.0,37.09024,-95.712891,0.42275262869394226
United States,2003,100.0,100.0,113.13749816041205,94224000.0,5.33,2756.03,763.73,349.18,28.765244,90619.11,6.33,5658990.234,4.1800404,2.861210768,39496.48588,36.0,9833517.0,37.09024,-95.712891,0.42389327514642045
United States,2004,100.0,100.0,113.13749816041205,94224000.0,5.48,2818.28,788.53,345.14,28.686348,91504.484,6.22,5738290.039,4.1015115,3.798891125,41712.80107,36.0,9833517.0,37.09024,-95.712891,0.42942156776669815
United States,2005,100.0,100.0,113.13749816041205,94224000.0,5.84,2899.96,781.99,353.04,28.129686,90654.53,6.04,5753490.234,4.219231,3.513213799,44114.74778,36.0,9833517.0,37.09024,-95.712891,0.43149502868298356
United States,2006,100.0,100.0,113.13749816041205,94224000.0,6.4,2878.56,787.22,381.16,28.870703,89067.04,5.82,5653080.078,4.6788607,2.854972294,46298.73144,36.0,9833517.0,37.09024,-95.712891,0.43290045570478985
United States,2007,100.0,100.0,113.13749816041205,94224000.0,6.3,2988.24,806.42,347.91,27.865068,89395.14,5.81,5736319.824,4.3730087,1.876171454,47975.9677,36.0,9833517.0,37.09024,-95.712891,0.4361403956469665
United States,2008,100.0,100.0,113.13749816041205,94224000.0,6.85,2924.21,806.21,377.11,28.808554,86378.65,5.67,5558379.883,5.0045505,-0.136579803,48382.55845,36.0,9833517.0,37.09024,-95.712891,0.4341220545684559
United States,2009,100.0,100.0,113.13749816041205,94224000.0,7.35,2725.41,798.85,415.56,30.823996,81376.18,5.53,5156430.176,5.8000064,-2.536757067,47099.98047,36.0,9833517.0,37.09024,-95.712891,0.42645030185380894
United States,2010,100.0,100.0,113.13749816041205,94224000.0,7.44,2882.49,806.97,424.48,29.93359,83397.48,5.52,5392109.863,5.8405547,2.56376656,48466.6576,36.0,9833517.0,37.09024,-95.712891,0.4352066809438744
United States,2011,100.0,100.0,113.13749816041205,94224000.0,8.36,2788.93,790.2,509.74,31.792154,81962.36,5.36,5173600.098,6.8973193,1.550835505,49882.55813,36.0,9833517.0,37.09024,-95.712891,0.43499184454839074
United States,2012,100.0,100.0,113.13749816041205,94224000.0,8.73,2779.02,769.33,492.32,31.223783,79102.34,5.15,4956060.059,6.886334,2.249545852,51602.93105,36.0,9833517.0,37.09024,-95.712891,0.4309989724288902
United States,2013,100.0,100.0,113.13749816041205,94224000.0,9.08,2746.21,789.02,520.38,32.28614,80556.516,5.15,5092100.098,7.1346164,1.842081071,53106.53677,36.0,9833517.0,37.09024,-95.712891,0.43604292650750137
United States,2014,100.0,100.0,113.13749816041205,94224000.0,9.22,2752.01,797.17,546.83,32.81242,80725.086,5.08,5107209.961,7.262891,2.525973446,55049.98833,36.0,9833517.0,37.09024,-95.712891,0.4395480306245961
United States,2015,100.0,100.0,113.13749816041205,94224000.0,9.03,2730.32,797.18,556.49,33.14577,79317.37,4.88,4990709.961,7.468743,3.07551465,56863.3715,36.0,9833517.0,37.09024,-95.712891,0.4392327102851871
United States,2016,100.0,100.0,113.13749816041205,94224000.0,9.46,2656.96,805.69,624.91,34.998875,78613.54,4.74,4894500.0,8.285086,1.711426774,58021.4005,36.0,9833517.0,37.09024,-95.712891,0.4413554733797746
United States,2017,100.0,100.0,113.13749816041205,94224000.0,9.92,2540.17,804.95,707.19,37.315506,78289.01,4.62,4819370.117,9.082049,2.332679395,60109.65573,36.0,9833517.0,37.09024,-95.712891,0.44416390514014414
United States,2018,100.0,100.0,113.13749816041205,94224000.0,10.12,2661.3,807.08,733.17,36.659092,80583.34,4.61,4975310.059,8.964939,2.996464352,63064.41841,36.0,9833517.0,37.09024,-95.712891,0.4510210445594006
United States,2019,100.0,100.0,113.13749816041205,94224000.0,10.42,2588.21,809.41,760.76,37.75918,79489.016,4.51,4817720.215,9.315263,2.161176515,65279.52903,36.0,9833517.0,37.09024,-95.712891,0.45102407329408606
United States,2020,100.0,100.0,113.13749816041205,94224000.0,32.63816497829233,2431.9,789.88,821.4,39.8518,73236.14,5.3073450588901805,159866.46268574602,10.532232,-3.404591573,63593.44362,36.0,9833517.0,37.09024,-95.712891,0.4310892999460127
