Ulke,Yil,Elektrik_Erisim_%,Temiz_Yakit_Erisim,Yenilenebilir_Kapasite_KisiBasi,Gelismis_Ulkeler_Finansal_Akisi,Yenilenebilir_Enerji_Orani,Fosil_Yakit_Elektrik_TWh,Nukleer_Elektrik_TWh,Yenilenebilir_Elektrik_TWh,Dusuk_Karbon_Elektrik_%,KisiBasi_Enerji_Tuketimi,Enerji_Yoğunluğu,CO2_Emisyonu_kt,Yenilenebilir_Enerji_%,Gdp_Buyume,Gdp_KisiBasi,Nufus_Yogunlugu,Yuzolcumu_Km2,Enlem,Boylam,Karbon_Yogunlugu,Yenilenebilir_Enerji_Kullanimi,Enerji_Verimliligi,Nufusun_Elektrik_Erisimi,Elektrik_Erisim_Yillik_Degisim,CO2_Yillik_Degisim
Argentina,2000,95.78329,95.0,235.62,94224000.0,9.85,50.37,5.99,28.89,40.914955,18849.81,3.69,132270.0,12.283858,-0.788998939,7708.099115,17.0,2780400.0,-38.416097,-63.616672,7.017046856175208,0.19555290847687998,5108.349593357498,1628.31593,0.0,0.0
Argentina,2001,95.51106,95.6,234.09,3890000.0,11.51,42.91,6.54,37.04,50.38733,18210.12,3.59,125260.0,15.937488,-4.408839683,7208.373114,17.0,2780400.0,-38.416097,-63.616672,6.8785927824748,0.2682358424603397,5072.456824371241,1623.68802,-0.002842145012976638,-0.05299765630906483
Argentina,2002,96.22887,96.1,236.78,94224000.0,11.62,39.7,5.39,36.06,51.07825,17275.256,3.99,117470.0012,16.249306,-10.89448483,2593.404563,17.0,2780400.0,-38.416097,-63.616672,6.799899301058114,0.2926952141050561,4329.638095129583,1635.89079,0.00751546470115616,-0.06219063388152646
Argentina,2003,96.442635,96.45,234.82,50000.0,10.82,46.73,7.03,34.38,46.982075,18326.521,3.97,127660.0037,14.408259,8.837040796,3349.8063,17.0,2780400.0,-38.416097,-63.616672,6.965861316504098,0.2315429060555713,4616.252140941656,1639.5247949999998,0.0022214227393504427,0.08674557245173498
Argentina,2004,96.6535,97.2,236.15,40960000.0,9.29,57.35,7.31,31.03,40.066883,19261.457,4.04,141380.0049,12.1855755,9.029573301,4277.721573,17.0,2780400.0,-38.416097,-63.616672,7.340047271605674,0.16198779424557627,4767.687376119611,1643.1094999999998,0.002186429269585899,0.10747298137513672
Argentina,2005,96.863846,97.5,234.67,280000.0,9.64,59.89,6.37,34.6,40.620663,20232.844,3.68,145990.0055,12.788524,8.85165992,5109.852245,17.0,2780400.0,-38.416097,-63.616672,7.215496027152683,0.16096176323232433,5498.055434633205,1646.685382,0.002176289529091102,0.03260716112763418
Argentina,2006,97.07606,98.1,232.56,440000.0,9.18,65.58,7.15,38.67,41.131058,21038.723,3.58,154899.9939,13.449462,8.0471515,5919.012338,17.0,2780400.0,-38.416097,-63.616672,7.362613876326999,0.1399817017381214,5876.73826799227,1650.29302,0.0021908483790742395,0.06103149574852229
Argentina,2007,97.29279,98.3,236.6,360000.0,7.72,72.95,6.72,31.18,34.19035,21708.37,3.44,162809.9976,10.599154,9.007650875,7245.446857,17.0,2780400.0,-38.416097,-63.616672,7.49987205856543,0.10582590815612634,6310.572674235157,1653.97743,0.002232579278557356,0.05106522925434409
Argentina,2008,97.516754,98.6,234.79,22940000.0,7.65,76.62,6.85,31.28,33.22876,21780.38,3.42,167229.9957,10.437064,4.057233103,9020.873323,17.0,2780400.0,-38.416097,-63.616672,7.678010930020505,0.09984338292860892,6368.532163556476,1657.784818,0.0023019588604664687,0.02714819829958648
Argentina,2009,97.750656,98.9,241.83,39080000.0,8.59,74.01,7.59,34.7,36.362854,20954.271,3.35,156570.0073,11.783506,-5.918525076,8225.137583,17.0,2780400.0,-38.416097,-63.616672,7.471985415288367,0.11606539656787451,6255.00626847,1661.761152,0.002398582709182362,-0.06374447571668507
Argentina,2010,98.82,99.1,239.96,1040000.0,8.79,78.54,6.69,34.41,34.353058,21507.703,3.26,167220.0012,11.661375,10.12539816,10385.96443,17.0,2780400.0,-38.416097,-63.616672,7.774888894457953,0.11191749427029293,6597.454907773085,1679.9399999999998,0.010939507147655236,0.0680206514878281
Argentina,2011,99.09535,99.3,251.14,69260000.0,8.83,84.43,5.89,32.43,31.217922,21894.867,3.18,176639.9994,10.929448,6.003951693,12848.8642,17.0,2780400.0,-38.416097,-63.616672,8.067644320470182,0.10458367878703709,6885.178301670277,1684.62095,0.0027863792754503347,0.05633296335606053
Argentina,2012,99.22998,99.5,252.14,256070000.0,8.61,91.86,5.9,30.93,28.619164,22494.715,3.3,177960.0067,10.216426,-1.026420454,13082.66433,17.0,2780400.0,-38.416097,-63.616672,7.911191882182104,0.09372958850414355,6816.580302823741,1686.90966,0.0013585904888575584,0.007472867439332731
Argentina,2013,99.342674,99.6,250.97,47820000.0,8.91,91.55,5.73,35.03,30.806438,23152.588,3.31,183250.0,10.950079,2.405323781,13080.25473,17.0,2780400.0,-38.416097,-63.616672,7.914881912985279,0.09732386673938032,6994.739576827953,1688.825458,0.0011356850016497333,0.02972574230634706
Argentina,2014,100.0,99.7,248.74,2472850000.0,9.79,92.18,5.26,34.37,30.066004,22881.006,3.4,179600.0061,11.038978,-2.512615321,12334.79825,17.0,2780400.0,-38.416097,-63.616672,7.849305493823129,0.10620525059654348,6729.707646860891,1700.0,0.00661675364204517,-0.01991811132332877
Argentina,2015,99.62539,99.7,247.37,109830000.0,9.4,97.18,6.64,33.97,29.472387,23046.873,3.36,185550.0031,10.907397,2.731159828,13789.06042,17.0,2780400.0,-38.416097,-63.616672,8.050983884017585,0.09672772175334768,6859.188392653001,1693.6316299999999,-0.0037461000000000855,0.033129158117550794
Argentina,2016,99.84958,99.8,245.23,250160000.0,9.38,100.8,7.82,31.02,27.81438,22726.455,3.41,183160.0037,10.167007,-2.080327844,12790.24247,17.0,2780400.0,-38.416097,-63.616672,8.059330137498346,0.09305555555546324,6664.649559921858,1697.44286,0.002250329961067221,-0.012880621719590812
Argentina,2017,100.0,99.8,244.82,503740000.0,10.37,99.4,5.77,33.4,28.267298,22503.818,3.32,179320.0073,10.964719,2.818502978,14613.04182,17.0,2780400.0,-38.416097,-63.616672,7.968425948876764,0.10432595573430146,6778.258433530776,1700.0,0.001506466026196529,-0.020965256182728487
Argentina,2018,99.98958,99.8,259.47,492720000.0,10.52,98.31,6.51,34.97,29.673082,22163.16,3.31,176899.9939,11.39763,-2.617396463,11795.15939,17.0,2780400.0,-38.416097,-63.616672,7.981713523703299,0.10700844268120535,6695.818730915534,1699.82286,-0.00010419999999999874,-0.013495501346658667
Argentina,2019,100.0,99.9,283.38,474460000.0,10.74,90.56,7.97,34.63,31.991589,20725.168,3.35,168100.0061,11.926772,-2.025934237,10056.63794,17.0,2780400.0,-38.416097,-63.616672,8.110911626868356,0.11859540636029307,6186.617313248161,1700.0,0.00010421085877143632,-0.04974555174362838
Argentina,2020,100.0,99.9,311.28,94224000.0,32.63816497829233,91.58,10.06,37.05,33.967842,19314.066,5.3073450588901805,159866.46268574602,12.179417,-9.895268964,8579.017773,17.0,2780400.0,-38.416097,-63.616672,8.277203913756225,0.35638965907683656,3639.1200845861063,1700.0,0.0,-0.04898003043114685
Australia,2000,100.0,100.0,113.13749816041205,94224000.0,8.42,181.05,0.0,17.11,8.634437,68632.96,6.16,339450.0,3.9888778,3.912427733,21697.70848,3.0,7741220.0,-25.274398,133.775136,4.945874402036572,0.046506489919885936,11141.714285533415,300.0,0.0,0.0
Australia,2001,100.0,100.0,113.13749816041205,94224000.0,8.37,194.33,0.0,17.4,8.218014,68338.28,5.91,345640.0,3.870762,2.038300732,19527.32358,3.0,7741220.0,-25.274398,133.775136,5.0577802075205875,0.04307106468376314,11563.16074430519,300.0,0.0,0.01823538076299891
Australia,2002,100.0,100.0,113.13749816041205,94224000.0,8.74,197.29,0.0,17.35,8.0833025,68892.78,5.89,353369.9951,3.9314504,4.014526654,20117.78889,3.0,7741220.0,-25.274398,133.775136,5.129274723708348,0.04430026864005054,11696.567062619753,300.0,0.0,0.02236429550977892
Australia,2003,100.0,100.0,113.13749816041205,94224000.0,7.15,195.13,0.0,18.5,8.659832,69082.79,5.78,352579.9866,4.014969,3.110325109,23492.40517,3.0,7741220.0,-25.274398,133.775136,5.103731140563374,0.03664223850764278,11952.039792180758,300.0,0.0,-0.002235641143715217
Australia,2004,100.0,100.0,113.13749816041205,94224000.0,6.68,203.66,0.0,19.41,8.701304,70486.32,5.65,365809.9976,4.0365605,4.205446887,30513.94174,3.0,7741220.0,-25.274398,133.775136,5.189801334500084,0.0327997643130547,12475.454867035833,300.0,0.0,0.037523431569612464
Australia,2005,100.0,100.0,113.13749816041205,94224000.0,6.71,195.95,0.0,19.75,9.156236,69917.164,5.52,370089.9963,4.3135533,3.160338325,34080.9999,3.0,7741220.0,-25.274398,133.775136,5.293263844340139,0.034243429446269846,12666.152898321267,300.0,0.0,0.011700059397173668
Australia,2006,100.0,100.0,113.13749816041205,94224000.0,6.85,198.72,0.0,21.19,9.63576,71863.76,5.58,375489.9902,4.233413,2.726893446,36117.48798,3.0,7741220.0,-25.274398,133.775136,5.225025662447943,0.03447061191624674,12878.81003561149,300.0,0.0,0.014591029084781493
Australia,2007,100.0,100.0,113.13749816041205,94224000.0,6.95,208.59,0.0,20.93,9.119031,72304.695,5.52,385750.0,3.9767227,3.768487516,41001.14298,3.0,7741220.0,-25.274398,133.775136,5.3350615751854,0.03331895105228759,13098.67663019749,300.0,0.0,0.02732432306527044
Australia,2008,100.0,100.0,113.13749816041205,94224000.0,6.79,211.06,0.0,18.49,8.05489,72089.34,5.53,388940.0024,3.6813264,3.577014878,49654.9106,3.0,7741220.0,-25.274398,133.775136,5.395249871895068,0.0321709466502264,13036.04701603913,300.0,0.0,0.008269610887880807
Australia,2009,100.0,100.0,113.13749816041205,94224000.0,7.15,216.42,0.0,18.32,7.804379,69689.84,5.43,395290.0085,3.9202662,1.86683207,42783.32257,3.0,7741220.0,-25.274398,133.775136,5.672132530365976,0.03303761205062701,12834.224677480033,300.0,0.0,0.016326441252677792
Australia,2010,100.0,100.0,113.13749816041205,94224000.0,8.16,212.5,0.0,21.13,9.044215,68523.875,5.33,387540.0085,4.3128047,2.172337091,52087.97229,3.0,7741220.0,-25.274398,133.775136,5.6555471870205825,0.038399999999981935,12856.261725837594,300.0,0.0,-0.01960585856801389
Australia,2011,100.0,100.0,113.13749816041205,94224000.0,8.32,213.56,0.0,27.33,11.3454275,69714.19,5.23,386380.0049,5.698981,2.469746294,62574.1457,3.0,7741220.0,-25.274398,133.775136,5.542343745226043,0.03895860648059611,13329.673039898094,300.0,0.0,-0.0029932486312571616
Australia,2012,100.0,100.0,113.13749816041205,94224000.0,8.29,206.75,0.0,26.63,11.410575,67583.03,4.98,386970.0012,5.700209,3.917362463,68027.84171,3.0,7741220.0,-25.274398,133.775136,5.7258456923283845,0.04009673518740503,13570.889557960423,300.0,0.0,0.001526984555406008
Australia,2013,100.0,100.0,113.13749816041205,94224000.0,9.21,195.78,0.0,34.2,14.870858,67307.04,4.93,380279.9988,6.525869,2.600211881,68156.62792,3.0,7741220.0,-25.274398,133.775136,5.649929023769283,0.0470425988354035,13652.543610270739,300.0,0.0,-0.017288168021433736
Australia,2014,100.0,100.0,113.13749816041205,94224000.0,9.32,205.46,0.0,36.15,14.96213,66744.195,4.78,371630.0049,5.979823,2.562931521,62511.69059,3.0,7741220.0,-25.274398,133.775136,5.567974936247264,0.04536162756738764,13963.220711004955,300.0,0.0,-0.022746381422361628
Australia,2015,100.0,100.0,113.13749816041205,94224000.0,9.31,197.72,0.0,33.12,14.3476,67234.93,4.67,377799.9878,6.290021,2.172204753,56707.02208,3.0,7741220.0,-25.274398,133.775136,5.619102865132752,0.04708678939912651,14397.201284488281,300.0,0.0,0.016602488546801464
Australia,2016,100.0,100.0,113.13749816041205,94224000.0,9.42,207.66,0.0,38.41,15.609379,66407.09,4.54,384989.9902,7.1891756,2.741643069,49881.76371,3.0,7741220.0,-25.274398,133.775136,5.797422989021203,0.04536261196183889,14627.112334479578,300.0,0.0,0.019031240423983853
Australia,2017,100.0,100.0,113.13749816041205,94224000.0,9.69,209.14,0.0,40.77,16.313873,65146.316,4.49,389160.0037,6.750127,2.295926947,53934.25018,3.0,7741220.0,-25.274398,133.775136,5.97363024641332,0.04633260017211135,14509.201781414047,300.0,0.0,0.010831485509100292
Australia,2018,100.0,100.0,113.13749816041205,94224000.0,9.67,207.45,0.0,42.93,17.145937,65072.668,4.39,387070.0073,8.300061,2.87097248,57180.7794,3.0,7741220.0,-25.274398,133.775136,5.948273202813814,0.046613641841385105,14822.931206951642,300.0,0.0,-0.005370532377759862
Australia,2019,100.0,100.0,113.13749816041205,94224000.0,10.13,196.45,0.0,53.41,21.37597,66263.54,4.3,386529.9988,8.880722,2.113149425,54875.28596,3.0,7741220.0,-25.274398,133.775136,5.83322289753913,0.05156528378719697,15410.125581036973,300.0,0.0,-0.001395118427715003
Australia,2020,100.0,100.0,113.13749816041205,94224000.0,32.63816497829233,186.92,0.0,63.99,25.503168,61826.21,5.3073450588901805,159866.46268574602,10.789811,-0.003836559,51692.84275,3.0,7741220.0,-25.274398,133.775136,2.5857393277987772,0.17461034120626404,11649.178508804845,300.0,0.0,-0.5864060663284641
Brazil,2000,94.391716,89.0,364.68,126500000.0,42.66,28.87,4.94,308.77,91.57278,13400.32,3.88,313670.0,43.288433,4.387949444,3749.910848,25.0,8515770.0,-14.235004,-51.92528,23.407649966567963,1.4776584689938426,3453.690721560472,2359.7929,0.0,0.0
Brazil,2001,96.016525,89.7,367.36,5290000.0,41.33,35.19,14.27,273.71,89.111,12893.828,3.9,319380.0,39.11162,1.389896404,3160.249345,25.0,8515770.0,-14.235004,-51.92528,24.76999072734645,1.174481386754264,3306.1097435049714,2400.413125,0.01721347030072007,0.018203844805049885
Brazil,2002,96.65299,90.1,374.1,33350000.0,42.85,33.5,13.84,292.95,90.15546,13021.791,3.89,317760.0098,40.756653,3.053461857,2839.491501,25.0,8515770.0,-14.235004,-51.92528,24.40217400202476,1.279104477608122,3347.5041130244854,2416.32475,0.006628702715496093,-0.005072296950341282
Brazil,2003,96.980095,90.6,387.32,7530000.0,45.11,31.62,13.4,313.88,91.18975,13111.923,3.91,310809.9976,42.284126,1.140828999,3070.436419,25.0,8515770.0,-14.235004,-51.92528,23.704379411013928,1.4266287159980182,3353.4329922416,2424.502375,0.0033843236510324726,-0.021871890690003393
Brazil,2004,96.76511,91.1,392.57,1140000.0,45.18,40.14,11.6,329.43,89.46926,13593.7,3.9,328519.989,42.286156,5.759964637,3637.31389,25.0,8515770.0,-14.235004,-51.92528,24.167076586948365,1.1255605381137879,3485.564102474729,2419.12775,-0.0022167951062534996,0.05698012141421538
Brazil,2005,97.09351,91.6,399.88,11720000.0,46.13,39.56,9.2,346.96,90.00303,13792.465,3.88,331690.0024,43.1457,3.202132062,4790.456566,25.0,8515770.0,-14.235004,-51.92528,24.048638325346484,1.1660768452953334,3554.7590205269394,2427.3377499999997,0.0033937852186598505,0.0096493775299622
Brazil,2006,97.594315,92.1,412.49,1220000.0,46.67,39.4,12.98,359.55,90.43527,14020.683,3.86,335619.9951,43.045963,3.961988709,5886.391522,25.0,8515770.0,-14.235004,-51.92528,23.93749256723085,1.1845177664944555,3632.301295242687,2439.8578749999997,0.005157965758988414,0.011848390580252222
Brazil,2007,98.12538,92.6,427.18,910000.0,47.19,37.64,11.65,387.88,91.390076,14770.351,3.84,352559.9976,44.380226,6.069870607,7348.187963,25.0,8515770.0,-14.235004,-51.92528,23.869439365388136,1.253719447393056,3846.445572816499,2453.1345,0.005441556713626339,0.05047375826029854
Brazil,2008,98.52663,93.1,432.21,19530000.0,47.04,55.87,13.21,385.61,87.71251,15255.087,3.86,373630.0049,43.366776,5.094195448,8831.183643,25.0,8515770.0,-14.235004,-51.92528,24.492158248589472,0.8419545373172688,3952.0950776178215,2463.16575,0.004089156138809225,0.05976289835327586
Brazil,2009,98.85694,93.6,438.04,174490000.0,48.92,36.32,12.22,410.13,92.08145,15004.24,3.74,350000.0,46.30883,-0.125812003,8597.794335,25.0,8515770.0,-14.235004,-51.92528,23.326739641594642,1.3469162995557629,4011.828876898079,2471.4235,0.0033524946504310815,-0.06324439844258345
Brazil,2010,98.6,94.0,457.6,135380000.0,46.81,61.02,13.77,435.99,88.053566,16220.931,3.85,397929.9927,44.246536,7.528225818,11286.07154,25.0,8515770.0,-14.235004,-51.92528,24.531883693975395,0.767125532611001,4213.228831059397,2465.0,-0.002599109379675335,0.13694283628571435
Brazil,2011,99.32869,94.3,470.43,187660000.0,45.26,50.27,14.8,462.32,90.468155,16629.84,3.75,418309.9976,43.91006,3.974423079,13245.38737,25.0,8515770.0,-14.235004,-51.92528,25.154180533306395,0.9003381738593587,4434.623999881744,2483.2172499999997,0.007390365111561881,0.05121505107398261
Brazil,2012,99.51949,94.7,482.3,228480000.0,43.49,77.21,15.17,454.78,85.88896,16963.494,3.82,454230.011,42.06637,1.921175985,12370.22325,25.0,8515770.0,-14.235004,-51.92528,26.77691347077436,0.5632690066046325,4440.705235485845,2487.98725,0.0019208951613074454,0.08586936388345112
Brazil,2013,99.57515,95.0,496.6,93260000.0,42.32,112.0,14.65,436.84,80.12387,17221.44,3.88,486839.9963,39.836597,3.00482267,12300.38671,25.0,8515770.0,-14.235004,-51.92528,28.269412795910217,0.3778571428568055,4438.515463803131,2489.37875,0.0005592874320394792,0.07179178942449926
Brazil,2014,99.650246,95.2,524.97,489030000.0,41.71,136.58,14.46,430.82,76.527,17519.043,3.98,511619.9951,38.852745,0.50395574,12112.83496,25.0,8515770.0,-14.235004,-51.92528,29.203649714199567,0.30538878313054224,4401.769597879353,2491.2561499999997,0.0007541640660346793,0.05089967748814561
Brazil,2015,99.7109,95.4,550.89,2300000.0,43.62,128.85,13.91,428.81,77.456825,17140.15,4.05,485339.9963,40.603523,-3.545763393,8813.989806,25.0,8515770.0,-14.235004,-51.92528,28.315971347975367,0.33853317811382344,4232.135802364639,2492.7725,0.0006086688436273135,-0.051366246533940396
Brazil,2016,99.7,95.7,588.73,161960000.0,45.46,93.06,14.97,463.37,83.713684,16591.764,4.03,447079.9866,43.5387,-3.275916906,8710.06329,25.0,8515770.0,-14.235004,-51.92528,26.94589837463937,0.4885020416930061,4117.063027193125,2492.5,-0.00010931603265029732,-0.07883135532137475
Brazil,2017,99.8,95.7,617.89,521620000.0,45.33,101.9,14.86,464.4,82.4661,16608.686,4.05,456489.9902,43.280678,1.322869054,9928.675897,25.0,8515770.0,-14.235004,-51.92528,27.485015382914696,0.4448478900878853,4100.910123355534,2495.0,0.0010030090270811698,0.021047695897913332
Brazil,2018,99.7,95.8,652.03,256430000.0,46.95,86.69,14.79,492.66,85.409164,16539.11,3.93,433989.9902,46.080498,1.783666761,9151.381732,25.0,8515770.0,-14.235004,-51.92528,26.24022636042689,0.5415849578953263,4208.424936279684,2492.5,-0.0010020040080159776,-0.049289142112715734
Brazil,2019,99.8,95.8,684.92,50980000.0,47.57,90.91,15.16,512.59,85.30534,16681.945,3.93,434299.9878,47.304844,1.411152985,8897.552966,25.0,8515770.0,-14.235004,-51.92528,26.034133777566105,0.5232647673517509,4244.769719993771,2495.0,0.0010030090270811698,0.0007142966589095412
Brazil,2020,100.0,95.9,705.9,94224000.0,32.63816497829233,81.15,13.21,520.01,86.79134,15921.327,5.3073450588901805,159866.46268574602,49.47188,-4.059048273,6796.844542,25.0,8515770.0,-14.235004,-51.92528,10.04102627160073,0.4021955018885041,2999.866566623675,2500.0,0.002004008016032177,-0.6318985328653375
Canada,2000,100.0,100.0,113.13749816041205,94224000.0,22.04,155.56,69.16,363.7,73.5631,118875.336,9.31,514220.0,29.767817,4.917762744,24271.00206,4.0,9984670.0,56.130366,-106.346771,4.325708067819888,0.1416816662380164,12768.5645541056,400.0,0.0,0.0
Canada,2001,100.0,100.0,113.13749816041205,94224000.0,21.53,159.93,72.86,339.58,72.05828,115218.68,9.04,506620.0,28.20141,1.405527589,23822.06012,4.0,9984670.0,56.130366,-106.346771,4.3970300649165575,0.13462139686104257,12745.429203398835,400.0,0.0,-0.014779666290692717
Canada,2002,100.0,100.0,113.13749816041205,94224000.0,21.77,155.12,71.75,357.06,73.43517,117915.38,8.77,524349.9756,28.546556,3.422146171,24255.33858,4.0,9984670.0,56.130366,-106.346771,4.44683276770172,0.1403429602887182,13445.311288330156,400.0,0.0,0.03499659626544549
Canada,2003,100.0,100.0,113.13749816041205,94224000.0,21.18,157.35,71.15,343.88,72.50952,117365.12,8.89,544539.978,27.180014,3.811090153,28300.4631,4.0,9984670.0,56.130366,-106.346771,4.639708782302613,0.13460438512860845,13201.925759131585,400.0,0.0,0.038504821854710825
Canada,2004,100.0,100.0,113.13749816041205,94224000.0,21.58,148.86,85.87,347.68,74.44069,118078.05,8.77,536419.9829,26.827923,3.914028782,32143.68141,4.0,9984670.0,56.130366,-106.346771,4.542927181639602,0.1449684267095627,13463.859748991292,400.0,0.0,-0.01491166016831924
Canada,2005,100.0,100.0,113.13749816041205,94224000.0,21.99,150.78,86.83,368.86,75.1381,117744.77,8.46,549030.0293,28.265476,4.995860869,36382.50792,4.0,9984670.0,56.130366,-106.346771,4.662882515291337,0.14584162355740427,13917.82151283785,400.0,0.0,0.023507786439698863
Canada,2006,100.0,100.0,113.13749816041205,94224000.0,21.92,139.71,92.44,360.48,76.42542,115946.31,8.25,540530.0293,27.616468,4.165817627,40504.06073,4.0,9984670.0,56.130366,-106.346771,4.661899367905715,0.15689642831568473,14054.098181647829,400.0,0.0,-0.015481848981625412
Canada,2007,100.0,100.0,113.13749816041205,94224000.0,21.84,149.36,88.19,375.42,75.63339,119158.6,7.71,571630.0049,27.694315,6.868608857,44659.89514,4.0,9984670.0,56.130366,-106.346771,4.797219880898232,0.14622388859122507,15455.071335726912,400.0,0.0,0.057536073694694156
Canada,2008,100.0,100.0,113.13749816041205,94224000.0,21.91,141.33,88.3,385.21,77.01353,116479.15,7.44,550469.9707,28.590092,1.007622695,46710.50558,4.0,9984670.0,56.130366,-106.346771,4.725909922076182,0.15502724120840938,15655.799730972367,400.0,0.0,-0.03701701103618904
Canada,2009,100.0,100.0,113.13749816041205,94224000.0,22.5,129.76,85.13,380.24,78.19636,110665.805,7.37,521320.0073,29.20945,-2.928400167,40876.31015,4.0,9984670.0,56.130366,-106.346771,4.710759636185721,0.17339704069037196,15015.713025576448,400.0,0.0,-0.052954684090998905
Canada,2010,100.0,100.0,113.13749816041205,94224000.0,21.88,130.08,85.53,366.21,77.64257,110485.93,7.16,537010.0098,27.789688,3.08949462,47562.08343,4.0,9984670.0,56.130366,-106.346771,4.860437974319446,0.1682041820416911,15430.995809840348,400.0,0.0,0.03009668203846827
Canada,2011,100.0,100.0,113.13749816041205,94224000.0,21.84,131.3,88.29,391.95,78.52962,113449.32,7.09,549289.978,28.62637,3.146881372,52223.69611,4.0,9984670.0,56.130366,-106.346771,4.841721202031003,0.16633663366323964,16001.314527277838,400.0,0.0,0.022867298515671042
Canada,2012,100.0,100.0,113.13749816041205,94224000.0,22.17,124.2,89.49,398.58,79.71483,112586.7,7.03,546210.022,28.976913,1.762222549,52669.08996,4.0,9984670.0,56.130366,-106.346771,4.8514613360192635,0.17850241545879347,16015.177809160523,400.0,0.0,-0.005607158556240721
Canada,2013,100.0,100.0,113.13749816041205,94224000.0,22.44,122.87,97.58,417.28,80.73323,114051.086,7.01,555659.9731,28.941828,2.329122506,52635.17496,4.0,9984670.0,56.130366,-106.346771,4.8720270239250505,0.18263205013413963,16269.769757257207,400.0,0.0,0.017300947839437475
Canada,2014,100.0,100.0,113.13749816041205,94224000.0,22.49,122.75,101.21,412.13,80.702415,113198.414,6.99,561679.9927,28.14776,2.870036075,50955.99832,4.0,9984670.0,56.130366,-106.346771,4.961906910639224,0.18321792260677536,16194.33676657805,400.0,0.0,0.010833999012767936
Canada,2015,100.0,100.0,113.13749816041205,94224000.0,22.69,125.7,96.05,417.2,80.327095,112891.76,6.91,558700.0122,28.764147,0.659176864,43596.13554,4.0,9984670.0,56.130366,-106.346771,4.948988413326181,0.18050914876676172,16337.447177766462,400.0,0.0,-0.005305477386999602
Canada,2016,100.0,100.0,113.13749816041205,94224000.0,22.05,122.35,95.69,426.84,81.02748,110180.79,7.1,556830.0171,29.6526,1.001394414,42315.60371,4.0,9984670.0,56.130366,-106.346771,5.053784939280251,0.18022067838154457,15518.421126541994,400.0,0.0,-0.003347046821489119
Canada,2017,100.0,100.0,113.13749816041205,94224000.0,22.47,113.7,95.57,435.43,82.36389,110509.586,7.17,568080.0171,29.67364,3.039880225,45129.35644,4.0,9984670.0,56.130366,-106.346771,5.140549681364294,0.1976253298151296,15412.773500482388,400.0,0.0,0.02020365219998488
Canada,2018,100.0,100.0,113.13749816041205,94224000.0,21.99,112.47,95.03,428.39,82.31297,110059.28,7.1,580090.0269,28.814518,2.777040554,46548.52036,4.0,9984670.0,56.130366,-106.346771,5.270705268106425,0.19551880501449673,15501.307042035194,400.0,0.0,0.02114140515153151
Canada,2019,100.0,100.0,113.13749816041205,94224000.0,22.11,110.65,95.47,421.8,82.378334,107980.76,6.94,580210.022,28.586376,1.879592028,46338.34096,4.0,9984670.0,56.130366,-106.346771,5.373272257020603,0.19981924988685057,15559.187319660528,400.0,0.0,0.00020685599551018008
Canada,2020,100.0,100.0,113.13749816041205,94224000.0,32.63816497829233,102.19,92.65,429.24,83.625496,100497.28,5.3073450588901805,159866.46268574602,30.54215,-5.233024303,43294.64816,4.0,9984670.0,56.130366,-106.346771,1.5907541247459238,0.31938707288639195,18935.508975389937,400.0,0.0,-0.7244679398424007
China,2000,97.0218,42.0,58.78,243620000.0,29.63,1113.3,16.74,225.56,17.874004,9334.936,10.85,3346530.0,5.656925,8.490093406,959.3724836,153.0,9596960.0,35.86166,104.195397,358.4952269624559,0.0266145692984796,860.362764969029,14844.3354,0.0,0.0
China,2001,97.27279,42.3,61.01,325050000.0,28.36,1182.59,17.47,280.73,20.1379,9797.812,10.36,3529080.0,6.618624,8.335733478,1053.108243,153.0,9596960.0,35.86166,104.195397,360.1906221511497,0.023981261468469718,945.7347490256203,14882.73687,0.0025869443774491074,0.05454904034925723
China,2002,97.516205,43.1,63.68,218270000.0,27.0,1337.46,25.13,291.41,19.137848,10602.087,10.12,3810060.059,6.2804885,9.13363079,1148.50829,153.0,9596960.0,35.86166,104.195397,359.36887322279097,0.02018751962675368,1047.6370553256163,14919.979365,0.002502395582567374,0.07961850085574707
China,2003,97.75438,43.4,70.24,22510000.0,23.86,1579.96,43.34,287.28,17.304693,12273.32,10.48,4415910.156,5.3011093,10.03803048,1288.643252,153.0,9596960.0,35.86166,104.195397,359.7975247121399,0.015101648142990004,1171.1183205995121,14956.42014,0.0024424145709935896,0.15901326688246842
China,2004,97.98967,44.9,77.85,32680000.0,20.17,1795.41,50.47,357.43,18.513056,14272.745,10.83,5124819.824,5.60094,10.11362138,1508.668098,153.0,9596960.0,35.86166,104.195397,359.0633633544213,0.011234202772625126,1317.8896583442486,14992.41951,0.0024069509724271576,0.16053534672502057
China,2005,98.22443,46.3,86.43,155060000.0,17.44,2042.8,53.09,404.37,18.296497,16114.158,10.72,5824629.883,5.554481,11.39459181,1753.417829,153.0,9596960.0,35.86166,104.195397,361.4603929662351,0.008537301742705672,1503.1863805829926,15028.33779,0.0023957627370312373,0.13655310489604444
China,2006,98.46105,47.7,96.27,127720000.0,16.39,2364.16,54.84,446.72,17.50206,17552.816,10.41,6437470.215,5.5779824,12.72095567,2099.229435,153.0,9596960.0,35.86166,104.195397,366.7485727076499,0.006932694910665652,1686.1494716456662,15064.54065,0.0024089730019303257,0.10521532600529016
China,2007,98.7022,49.4,109.0,24770000.0,14.88,2718.7,62.13,500.71,17.151705,18955.008,9.81,6993180.176,5.718535,14.23086093,2693.970063,153.0,9596960.0,35.86166,104.195397,368.93575439271774,0.005473204104902878,1932.2128440170009,15101.4366,0.0024491918377875788,0.08632427684172206
China,2008,98.95058,51.1,128.8,142770000.0,14.14,2762.29,68.39,665.08,20.981703,19560.7,9.18,7199600.098,7.268667,9.65067892,3468.304602,153.0,9596960.0,35.86166,104.195397,368.06454257771964,0.0051189411683782255,2130.7952069484663,15139.43874,0.002516458599707061,0.029517317844664603
China,2009,99.2089,53.5,150.78,58540000.0,13.43,2980.2,70.05,664.39,19.7715,20281.068,8.95,7719069.824,6.9355316,9.398725632,3832.236432,153.0,9596960.0,35.86166,104.195397,380.60470109365053,0.004506408965841068,2266.041117293117,15178.9617,0.0026105961177791404,0.07215258055017593
China,2010,99.7,55.6,170.41,131240000.0,12.26,3326.19,74.74,786.38,20.564993,21551.547,8.93,8474919.922,7.615998,10.63587106,4550.453108,153.0,9596960.0,35.86166,104.195397,393.239516495034,0.0036858988813025205,2413.3871220334445,15254.1,0.004950160721467478,0.09791984205790238
China,2011,99.848724,58.0,194.62,43040000.0,11.34,3811.77,87.2,792.38,18.748974,23090.885,8.75,9282549.805,7.084204,9.550832179,5614.352135,153.0,9596960.0,35.86166,104.195397,402.0006078155948,0.0029749958680612165,2638.958285684126,15276.854772,0.0014917151454363342,0.09529646184661611
China,2012,99.96193,60.7,218.25,100650000.0,11.53,3869.38,98.32,999.56,22.102327,23873.234,8.41,9541870.117,8.522597,7.863736449,6300.615118,153.0,9596960.0,35.86166,104.195397,399.6890457740246,0.002979805550243114,2838.6722948532856,15294.17529,0.001133775129665171,0.02793632325681883
China,2013,99.996445,63.2,258.3,301710000.0,11.45,4203.77,111.5,1093.37,22.276764,24600.36,8.05,9984570.313,8.959421,7.766150098,7020.338485,153.0,9596960.0,35.86166,104.195397,405.87090241768817,0.002723745590267718,3055.9453415769444,15299.456085,0.0003452814486475386,0.04639553783186323
China,2014,100.0,66.0,296.29,229420000.0,11.94,4345.86,133.22,1289.23,24.659735,25072.023,7.69,10006669.92,10.19733,7.425763656,7636.116601,153.0,9596960.0,35.86166,104.195397,399.11697273092,0.002747442393450255,3260.3410922853013,15300.0,3.555126384746643e-05,0.0022133758696882833
China,2015,100.0,68.4,340.55,92000000.0,12.18,4222.76,171.38,1393.66,27.040327,25209.49,7.21,9861099.609,10.787498,7.041328879,8016.431435,153.0,9596960.0,35.86166,104.195397,391.16616833581315,0.0028843694645207664,3496.461858481325,15300.0,0.0,-0.01454732814850368
China,2016,100.0,70.6,382.59,1245180000.0,12.56,4355.0,213.18,1522.79,28.500713,25164.803,6.71,9874660.156,11.530947,6.848762205,8094.363367,153.0,9596960.0,35.86166,104.195397,392.39966058943514,0.0028840413318024596,3750.3432190201142,15300.0,0.0,0.001375155665968908
China,2017,100.0,73.2,436.9,372490000.0,13.13,4643.1,248.1,1667.06,29.20226,25987.611,6.51,10096009.77,12.138821,6.947200793,8816.986905,153.0,9596960.0,35.86166,104.195397,388.4931850796135,0.002827852081583364,3991.952534500892,15300.0,0.0,0.0224159222194098
China,2018,100.0,75.6,487.16,318260000.0,13.71,4990.28,295.0,1835.32,29.917704,27109.42,6.39,10502929.69,12.807393,6.749773832,9905.342004,153.0,9596960.0,35.86166,104.195397,387.427310875703,0.0027473408305745822,4242.47574328259,15300.0,0.0,0.04030502438786754
China,2019,100.0,77.6,529.28,201540000.0,14.45,5098.22,348.7,2014.57,31.672895,28277.445,6.31,10707219.73,13.51596,5.949714233,10143.83817,153.0,9596960.0,35.86166,104.195397,378.6487686564327,0.0028343225674842816,4481.370047472562,15300.0,0.0,0.019450767169707728
China,2020,100.0,79.4,621.74,94224000.0,32.63816497829233,5184.13,366.2,2184.94,32.980618,29133.936,5.3073450588901805,159866.46268574602,14.242872,2.347513573,10434.77519,153.0,9596960.0,35.86166,104.195397,5.487293673115298,0.0062957844379465215,5489.361568954265,15300.0,0.0,-0.9850692834632109
France,2000,100.0,100.0,113.13749816041205,94224000.0,9.32,50.61,415.16,67.83,90.51537,52966.594,4.36,373120.0,6.7445607,3.923669227,22364.02939,119.0,643801.0,46.227638,2.213749,7.0444401239014915,0.18415332938118129,12148.301375868157,11900.0,0.0,0.0
France,2001,100.0,100.0,113.13749816041205,94224000.0,9.46,46.48,421.08,76.09,91.45038,53298.86,4.42,376730.0,7.405367,1.983721419,22433.55498,119.0,643801.0,46.227638,2.213749,7.068256244129799,0.20352839931109398,12058.565610586911,11900.0,0.0,0.00967517152658659
France,2002,100.0,100.0,113.13749816041205,94224000.0,8.73,52.67,436.76,62.69,90.46041,52433.27,4.38,371019.989,6.175621,1.135531482,24177.33556,119.0,643801.0,46.227638,2.213749,7.076041395091323,0.16574900322732913,11971.066209772349,11900.0,0.0,-0.015156772755023473
France,2003,100.0,100.0,113.13749816041205,94224000.0,8.91,57.38,441.07,61.47,89.75211,52657.883,4.45,376709.9915,5.962182,0.823160757,29568.3888,119.0,643801.0,46.227638,2.213749,7.153914476584636,0.15528058556961435,11833.232134565545,11900.0,0.0,0.01533610767262461
France,2004,100.0,100.0,113.13749816041205,94224000.0,8.95,56.53,448.24,62.42,90.033325,52754.13,4.39,377790.0085,5.970315,2.829752929,33741.26192,119.0,643801.0,46.227638,2.213749,7.161335207309835,0.15832301432839496,12016.886104509866,11900.0,0.0,0.002866972005970858
France,2005,100.0,100.0,113.13749816041205,94224000.0,8.66,63.35,451.53,54.98,88.88324,52097.117,4.34,380660.0037,5.365334,1.66321998,34760.18502,119.0,643801.0,46.227638,2.213749,7.3067383690348935,0.1367008681923651,12003.944008940001,11900.0,0.0,0.007596800167890105
France,2006,100.0,100.0,113.13749816041205,94224000.0,8.52,56.9,450.19,60.91,89.98239,51332.477,4.17,371549.9878,5.969732,2.449323601,36443.62631,119.0,643801.0,46.227638,2.213749,7.238107520118307,0.1497363796130936,12309.946522486573,11900.0,0.0,-0.023932159437427103
France,2007,100.0,100.0,113.13749816041205,94224000.0,9.46,58.18,439.73,64.3,89.65155,50095.92,4.02,362829.9866,6.6387134,2.424736243,41508.43269,119.0,643801.0,46.227638,2.213749,7.2427053261024055,0.16259883121319596,12461.671641481054,11900.0,0.0,-0.02346925443769321
France,2008,100.0,100.0,113.13749816041205,94224000.0,10.6,55.57,439.45,72.33,90.205345,49932.984,4.03,357989.9902,7.6322675,0.25494596,45334.11796,119.0,643801.0,46.227638,2.213749,7.169409106413509,0.1907504048943841,12390.318610114382,11900.0,0.0,-0.013339571090456248
France,2009,100.0,100.0,113.13749816041205,94224000.0,11.32,51.32,409.74,68.15,90.30252,46864.53,3.97,343730.011,7.70645,-2.873313828,41575.42196,119.0,643801.0,46.227638,2.213749,7.334545145336996,0.2205767731874112,11804.667505999882,11900.0,0.0,-0.03983345789091286
France,2010,100.0,100.0,113.13749816041205,94224000.0,11.99,57.63,428.52,76.68,89.76067,48006.33,4.02,347779.9988,8.220292,1.949437623,40638.33525,119.0,643801.0,46.227638,2.213749,7.244461278335586,0.20805136213741443,11941.873134031299,11900.0,0.0,0.011782467839271726
France,2011,100.0,100.0,113.13749816041205,94224000.0,10.66,58.99,442.39,66.02,89.60345,45914.77,3.85,335140.0146,7.185518,2.192700633,43790.72602,119.0,643801.0,46.227638,2.213749,7.299176596114933,0.18070859467675757,11925.91428540452,11900.0,0.0,-0.0363447703824652
France,2012,100.0,100.0,113.13749816041205,94224000.0,12.34,56.42,425.41,85.25,90.05078,45681.15,3.84,338420.0134,9.137363,0.313134751,40874.70039,119.0,643801.0,46.227638,2.213749,7.408307658629434,0.2187167671034762,11896.132812190206,11900.0,0.0,0.009786950698545516
France,2013,100.0,100.0,113.13749816041205,94224000.0,13.42,53.35,423.68,99.42,90.74507,45921.207,3.83,338559.9976,10.4594345,0.576326675,42592.93539,119.0,643801.0,46.227638,2.213749,7.3726284590037015,0.2515463917521058,11989.871279060317,11900.0,0.0,0.0004136404304038166
France,2014,100.0,100.0,113.13749816041205,94224000.0,13.2,35.68,436.48,94.03,93.69823,43808.914,3.65,306100.0061,10.459279,0.956183052,43011.2631,119.0,643801.0,46.227638,2.213749,6.987162614896138,0.36995515694963577,12002.442191451988,11900.0,0.0,-0.09587662963759425
France,2015,100.0,100.0,113.13749816041205,94224000.0,13.34,44.65,437.43,91.84,92.22017,43929.527,3.66,311299.9878,10.147399,1.112912341,36638.18493,119.0,643801.0,46.227638,2.213749,7.086349639048014,0.2987681970877967,12002.603005136541,11900.0,0.0,0.01698785232399258
France,2016,100.0,100.0,113.13749816041205,94224000.0,14.24,56.45,403.2,99.0,89.89528,43053.95,3.56,313920.0134,10.975246,1.095464404,37037.37419,119.0,643801.0,46.227638,2.213749,7.291317368092823,0.25225863596058057,12093.806179435565,11900.0,0.0,0.008416401229296877
France,2017,100.0,100.0,113.13749816041205,94224000.0,14.12,65.09,398.36,92.63,88.294846,42633.387,3.47,317829.9866,10.437264,2.291419994,38685.25849,119.0,643801.0,46.227638,2.213749,7.454955117687459,0.21693040405558925,12286.278673997513,11900.0,0.0,0.012455316746619483
France,2018,100.0,100.0,113.13749816041205,94224000.0,15.21,49.27,412.94,113.62,91.44365,43334.203,3.4,307049.9878,12.132495,1.865066071,41572.48501,119.0,643801.0,46.227638,2.213749,7.085626746152456,0.3087071240099275,12745.35382315455,11900.0,0.0,-0.033917500722066896
France,2019,100.0,100.0,113.13749816041205,94224000.0,15.53,53.5,399.01,113.21,90.54302,42326.785,3.29,300519.989,12.384905,1.842971814,40578.64429,119.0,643801.0,46.227638,2.213749,7.09999564105802,0.2902803738312331,12865.284194137834,11900.0,0.0,-0.021266891579404312
France,2020,100.0,100.0,113.13749816041205,94224000.0,32.63816497829233,48.14,353.83,125.28,90.869606,38063.406,5.3073450588901805,159866.46268574602,14.788747,-7.855256037,39030.36037,119.0,643801.0,46.227638,2.213749,4.200004137458062,0.6779843161243151,7171.835555618135,11900.0,0.0,-0.4680338462086593
Germany,2000,100.0,100.0,113.13749816041205,94224000.0,3.7,367.22,169.61,35.47,35.834354,48903.7,4.0,830280.0,2.8871117,2.912502964,23635.92922,240.0,357022.0,51.165691,10.451526,16.977856481206945,0.010075703937691282,12225.92499969435,24000.0,0.0,0.0
Germany,2001,100.0,100.0,113.13749816041205,94224000.0,3.9,372.69,171.3,37.9,35.951813,49841.387,4.05,847680.0,2.9411676,1.681468481,23607.88286,240.0,357022.0,51.165691,10.451526,17.007552378106972,0.010464461080251558,12306.515308338112,24000.0,0.0,0.02095678566266801
Germany,2002,100.0,100.0,113.13749816041205,94224000.0,4.41,372.64,164.84,44.48,35.968105,49257.79,3.97,833380.0049,3.538632,-0.197973835,25077.72908,240.0,357022.0,51.165691,10.451526,16.918745337539505,0.01183447831687102,12407.503778024999,24000.0,0.0,-0.016869567643450267
Germany,2003,100.0,100.0,113.13749816041205,94224000.0,5.44,390.81,165.06,46.67,35.139576,49300.902,3.99,836789.978,3.6419897,-0.700116686,30243.57653,240.0,357022.0,51.165691,10.451526,16.973117003011424,0.013919807579126963,12356.115789164007,24000.0,0.0,0.004091738558581248
Germany,2004,100.0,100.0,113.13749816041205,94224000.0,6.34,385.24,167.07,57.97,36.874874,49342.406,3.97,821070.0073,4.5165977,1.175088132,34044.05363,240.0,357022.0,51.165691,10.451526,16.64025072672784,0.016457273388013588,12428.817631928745,24000.0,0.0,-0.018786040838553064
Germany,2005,100.0,100.0,113.13749816041205,94224000.0,7.28,386.96,163.05,63.4,36.916584,48793.566,3.92,802380.0049,5.2084193,0.731707164,34507.36881,240.0,357022.0,51.165691,10.451526,16.44438131248698,0.018813314037621768,12447.338264988588,24000.0,0.0,-0.02276298273451738
Germany,2006,100.0,100.0,113.13749816041205,94224000.0,8.59,390.03,167.27,72.51,38.0718,50043.03,3.89,814409.9731,6.0263047,3.816441913,36323.44774,240.0,357022.0,51.165691,10.451526,16.27419389073763,0.022023946875875697,12864.532133345385,24000.0,0.0,0.014992856410347866
Germany,2007,100.0,100.0,113.13749816041205,94224000.0,10.47,402.4,140.53,89.38,36.36033,47958.13,3.58,783799.9878,7.6538334,2.976455131,41587.2129,240.0,357022.0,51.165691,10.451526,16.343422643877066,0.026018886679914015,13396.125697949828,24000.0,0.0,-0.03758547452886041
Germany,2008,100.0,100.0,113.13749816041205,94224000.0,10.25,390.43,148.49,94.28,38.340176,48445.984,3.59,789690.0024,7.8176284,0.959879134,45427.15168,240.0,357022.0,51.165691,10.451526,16.300422392081046,0.02625310555028398,13494.703063690955,24000.0,0.0,0.007514690854400596
Germany,2009,100.0,100.0,113.13749816041205,94224000.0,10.72,358.07,134.93,95.94,39.200935,45436.277,3.56,734809.9976,8.45428,-5.693836336,41485.90165,240.0,357022.0,51.165691,10.451526,16.172319699521154,0.029938280224528744,12762.99915694486,24000.0,0.0,-0.06949563073257925
Germany,2010,100.0,100.0,113.13749816041205,94224000.0,11.61,378.9,140.56,105.18,39.34106,47305.82,3.6,773070.0073,8.792469,4.179882499,41531.9342,240.0,357022.0,51.165691,10.451526,16.341963997241777,0.0306413301662627,13140.50555519054,24000.0,0.0,0.052067894863928155
Germany,2011,100.0,100.0,113.13749816041205,94224000.0,12.54,373.16,107.97,124.04,38.33799,45571.504,3.28,746479.9805,10.566965,3.925192705,46644.77603,240.0,357022.0,51.165691,10.451526,16.380411331168705,0.033604887983697714,13893.751219088606,24000.0,0.0,-0.03439536723571468
Germany,2012,100.0,100.0,113.13749816041205,94224000.0,13.64,377.89,99.46,143.04,39.088314,46132.67,3.29,760130.0049,11.899699,0.418497594,43858.36306,240.0,357022.0,51.165691,10.451526,16.47704338162088,0.036095159967176674,14022.088145470452,24000.0,0.0,0.018285854619781272
Germany,2013,100.0,100.0,113.13749816041205,94224000.0,13.63,381.52,97.29,152.34,39.55161,47361.547,3.35,776150.0244,12.063335,0.437591303,46285.76407,240.0,357022.0,51.165691,10.451526,16.38776757862238,0.035725518976715324,14137.775223458573,24000.0,0.0,0.021075367893295338
Germany,2014,100.0,100.0,113.13749816041205,94224000.0,14.02,360.28,97.13,162.54,41.88564,45327.562,3.13,736010.0098,13.278847,2.209543431,47959.99327,240.0,357022.0,51.165691,10.451526,16.237582109534152,0.038914177861652355,14481.649200815282,24000.0,0.0,-0.05171682450313664
Germany,2015,100.0,100.0,113.13749816041205,94224000.0,14.55,359.99,91.79,188.79,43.80161,46066.887,3.1,742309.9976,14.823544,1.491931528,41086.72967,240.0,357022.0,51.165691,10.451526,16.11374342703035,0.040417789383027196,14860.286128552894,24000.0,0.0,0.008559649619047871
Germany,2016,100.0,100.0,113.13749816041205,94224000.0,14.24,368.67,84.63,189.67,42.6614,46675.777,3.04,747150.0244,14.607312,2.229999868,42107.51727,240.0,357022.0,51.165691,10.451526,16.00723271087699,0.03862532888490015,15353.874012652834,24000.0,0.0,0.0065202231084702245
Germany,2017,100.0,100.0,113.13749816041205,94224000.0,15.22,353.37,76.32,216.32,45.29961,47112.9,2.98,732200.0122,16.196213,2.680231114,44542.2952,240.0,357022.0,51.165691,10.451526,15.541391258020626,0.04307100206581117,15809.697986046654,24000.0,0.0,-0.02000938461054813
Germany,2018,100.0,100.0,113.13749816041205,94224000.0,16.12,334.65,76.0,222.07,47.109306,45781.406,2.87,707700.0122,17.084951,1.086024514,47950.18081,240.0,357022.0,51.165691,10.451526,15.458241107754532,0.048169729568191204,15951.709407109696,24000.0,0.0,-0.03346080250174566
Germany,2019,100.0,100.0,113.13749816041205,94224000.0,17.17,284.09,75.07,240.33,52.611385,44467.746,2.76,657400.0244,18.768305,1.055508247,46794.89929,240.0,357022.0,51.165691,10.451526,14.783749650814324,0.06043859340347763,16111.502173329294,24000.0,0.0,-0.07107529593455053
Germany,2020,100.0,100.0,113.13749816041205,94224000.0,32.63816497829233,251.4,64.38,251.48,55.681694,41377.68,5.3073450588901805,159866.46268574602,21.122828,-4.569616717,46208.42947,240.0,357022.0,51.165691,10.451526,3.8635917404201012,0.12982563634955985,7796.304845472561,24000.0,0.0,-0.7568201144627976
Japan,2000,100.0,100.0,113.13749816041205,94224000.0,3.7,578.29,305.95,104.16,41.49231,49229.383,4.78,1182610.0,4.8274536,2.764647551,39169.35957,347.0,377944.0,36.204824,138.252924,24.022442044418877,0.006398173926575525,10299.034100202949,34700.0,0.0,0.0
Japan,2001,100.0,100.0,113.13749816041205,94224000.0,3.5,564.95,303.86,101.36,41.767937,48662.785,4.69,1170380.0,4.716366,0.386103426,34406.18246,347.0,377944.0,36.204824,138.252924,24.05082240977371,0.006195238516681795,10375.860340930152,34700.0,0.0,-0.01034153271154481
Japan,2002,100.0,100.0,113.13749816041205,94224000.0,3.71,605.12,280.34,101.1,38.66364,48643.8,4.7,1206599.976,4.702637,0.041962499,32820.79364,347.0,377944.0,36.204824,138.252924,24.804805052236873,0.00613101533580015,10349.744680630856,34700.0,0.0,0.0309471932192964
Japan,2003,100.0,100.0,113.13749816041205,94224000.0,4.19,633.76,228.01,114.18,35.06225,48392.92,4.6,1214949.951,5.3320413,1.535125499,35387.03742,347.0,377944.0,36.204824,138.252924,25.10594423729752,0.006611335521331954,10520.199999771301,34700.0,0.0,0.006920251256494092
Japan,2004,100.0,100.0,113.13749816041205,94224000.0,4.26,621.6,268.32,114.73,38.127705,48887.336,4.65,1209849.976,5.25767,2.186115694,38298.98017,347.0,377944.0,36.204824,138.252924,24.7477174047692,0.00685328185328075,10513.405591171755,34700.0,0.0,-0.004197683201519697
Japan,2005,100.0,100.0,113.13749816041205,94224000.0,4.02,634.09,280.5,100.57,37.537926,49007.164,4.55,1212819.946,4.790323,1.803900872,37812.89502,347.0,377944.0,36.204824,138.252924,24.747809238665596,0.006339794035546003,10770.805274488554,34700.0,0.0,0.002454825026999785
Japan,2006,100.0,100.0,113.13749816041205,94224000.0,4.43,628.77,291.54,112.07,39.0951,48855.34,4.48,1189520.02,5.3090086,1.372350128,35991.546,347.0,377944.0,36.204824,138.252924,24.347799442189945,0.007045501534741312,10905.20982118515,34700.0,0.0,-0.019211364454258417
Japan,2007,100.0,100.0,113.13749816041205,94224000.0,4.29,705.37,267.34,100.8,34.293114,48292.938,4.37,1225069.946,4.7619534,1.483969412,35779.02454,347.0,377944.0,36.204824,138.252924,25.367476006533295,0.00608191445624196,11051.015560387848,34700.0,0.0,0.02988594172631065
Japan,2008,100.0,100.0,113.13749816041205,94224000.0,4.44,663.88,241.25,100.79,34.002705,47418.41,4.26,1158219.971,4.830859,-1.224289001,39876.30397,347.0,377944.0,36.204824,138.252924,24.425533690395774,0.006687955654635373,11131.08215936312,34700.0,0.0,-0.0545682923805888
Japan,2009,100.0,100.0,113.13749816041205,94224000.0,4.51,611.86,263.05,102.28,37.38577,43254.305,4.3,1100979.98,5.021396,-5.693236359,41308.99684,347.0,377944.0,36.204824,138.252924,25.453650914053526,0.007370967214721117,10059.140697440485,34700.0,0.0,-0.049420656207973424
Japan,2010,100.0,100.0,113.13749816041205,94224000.0,4.66,689.89,278.36,113.92,36.249386,46114.938,4.35,1156479.98,5.684884,4.097917919,44968.15623,347.0,377944.0,36.204824,138.252924,25.078207412964534,0.0067547000246406304,10601.13517217009,34700.0,0.0,0.05040963596813097
Japan,2011,100.0,100.0,113.13749816041205,94224000.0,4.82,777.1,153.38,116.5,25.776997,43712.98,4.03,1213520.02,5.733157,0.023809524,48760.07895,347.0,377944.0,36.204824,138.252924,27.761091099257015,0.00620254793462795,10846.893299978985,34700.0,0.0,0.04932211623758498
Japan,2012,100.0,100.0,113.13749816041205,94224000.0,4.68,920.39,15.12,111.09,12.059049,43428.844,3.89,1253609.985,5.6502047,1.374750999,49145.28043,347.0,377944.0,36.204824,138.252924,28.865838220331174,0.005084801008267682,11164.227249070327,34700.0,0.0,0.03303609692405418
Japan,2013,100.0,100.0,113.13749816041205,94224000.0,5.05,897.88,10.43,121.48,12.809407,43171.46,3.82,1262780.029,6.1299677,2.005100177,40898.6479,347.0,377944.0,36.204824,138.252924,29.25034337499821,0.0056243596026188765,11301.42931907588,34700.0,0.0,0.007314909828195049
Japan,2014,100.0,100.0,113.13749816041205,94224000.0,5.58,892.18,0.0,136.53,13.271962,42146.168,3.69,1217119.995,6.9359174,0.296205514,38475.39525,347.0,377944.0,36.204824,138.252924,28.878544663894477,0.0062543432939534335,11421.72574494792,34700.0,0.0,-0.036158343457615705
Japan,2015,100.0,100.0,113.13749816041205,94224000.0,6.16,844.23,3.24,157.34,15.981131,41622.67,3.59,1179439.941,8.068797,1.560626697,34960.63938,347.0,377944.0,36.204824,138.252924,28.33647963958103,0.007296589791880494,11594.058495498773,34700.0,0.0,-0.030958372350131325
Japan,2016,100.0,100.0,113.13749816041205,94224000.0,6.39,832.4,14.87,157.7,17.171658,41172.285,3.54,1167790.039,7.9758606,0.753826746,39400.73936,347.0,377944.0,36.204824,138.252924,28.36349838246772,0.0076765977895233446,11630.5889827223,34700.0,0.0,-0.00987748641963282
Japan,2017,100.0,100.0,113.13749816041205,94224000.0,6.92,806.12,27.75,175.12,20.106245,41783.035,3.5,1155229.98,8.634004,1.675331752,38891.08627,347.0,377944.0,36.204824,138.252924,27.648302235584367,0.008584329876444129,11938.009999658914,34700.0,0.0,-0.010755408575633618
Japan,2018,100.0,100.0,113.13749816041205,94224000.0,7.22,780.61,47.82,183.63,22.869198,41694.16,3.45,1116150.024,9.322305,0.558851275,39808.16856,347.0,377944.0,36.204824,138.252924,26.769936700967232,0.009249176925736378,12085.263767765646,34700.0,0.0,-0.03382872387020286
Japan,2019,100.0,100.0,113.13749816041205,94224000.0,7.69,735.66,63.88,192.72,25.860157,40868.688,3.33,1081569.946,9.565927,0.270304645,40777.6087,347.0,377944.0,36.204824,138.252924,26.464513517047575,0.010453198488430735,12272.879278910725,34700.0,0.0,-0.03098156811937669
Japan,2020,100.0,100.0,113.13749816041205,94224000.0,32.63816497829233,716.67,41.86,205.6,25.666662,38029.27,5.3073450588901805,159866.46268574602,11.155339,-4.585508281,40193.25244,347.0,377944.0,36.204824,138.252924,4.203774163578371,0.045541413730570246,7165.40371453364,34700.0,0.0,-0.8521903615415863
South Africa,2000,72.28246,55.9,27.76,7020000.0,16.25,181.67,13.01,1.79,7.5329566,25321.518,10.07,284660.0,0.40555847,4.200000001,3374.718423,49.0,1219090.0,-30.559482,22.937506,11.241822074016257,0.08944790003848217,2514.549950322596,3541.84054,0.0,0.0
South Africa,2001,70.2,57.8,28.16,1240000.0,15.62,183.36,10.72,2.46,6.706014,25228.531,9.48,320540.0,0.5403345,2.7,2971.819769,49.0,1219090.0,-30.559482,22.937506,12.705456373975956,0.08518760907499717,2661.237447229312,3439.8,-0.028810032198682722,0.1260451064427739
South Africa,2002,76.7,60.0,27.88,25560000.0,13.88,188.79,11.99,2.81,7.269512,24361.893,8.67,331320.0073,0.65354025,3.700374404,2797.087291,49.0,1219090.0,-30.559482,22.937506,13.599928679598092,0.07352084326496451,2809.9069203828153,3758.3,0.09259259259259256,0.0336307708866288
South Africa,2003,78.8,62.1,33.96,94224000.0,13.05,204.39,12.66,1.19,6.3462243,26150.76,9.48,353089.9963,0.2989763,2.949075468,4217.11478,49.0,1219090.0,-30.559482,22.937506,13.502093105515863,0.06384852487887674,2758.5189873126737,3861.2,0.027379400260756137,0.06570683484347484
South Africa,2004,80.9,64.4,20.04,40000.0,12.29,212.63,14.28,1.33,6.8392916,28271.896,9.88,379989.9902,0.29398483,4.554559907,5409.133489,49.0,1219090.0,-30.559482,22.937506,13.440555603345457,0.05779993415789973,2861.5279351937093,3964.1000000000004,0.02664974619289362,0.07618452570699463
South Africa,2005,80.8,66.8,19.79,13110000.0,10.98,215.23,12.24,1.75,6.103307,26508.63,9.03,377649.9939,0.40433392,5.277051973,6033.101491,49.0,1219090.0,-30.559482,22.937506,14.24630370939577,0.051015193049272406,2935.6179401668264,3959.2,-0.0012360939431398377,-0.006158047212686757
South Africa,2006,80.7,69.0,19.54,7770000.0,10.74,223.25,10.07,3.28,5.642434,26793.564,8.72,379790.0085,0.72594017,5.603806459,6266.533987,49.0,1219090.0,-30.559482,22.937506,14.174673011026082,0.04810750279953053,3072.656421983111,3954.3,-0.0012376237623761277,0.005666661285758323
South Africa,2007,82.0,71.4,19.38,1150000.0,10.36,232.91,12.6,1.3,5.6318626,27245.98,9.01,397059.9976,0.7023894,5.360474054,6780.884555,49.0,1219090.0,-30.559482,22.937506,14.573158961432108,0.044480700699822046,3023.9711431406886,4018.0,0.016109045848822667,0.04547246824161788
South Africa,2008,81.9,73.5,19.23,1170000.0,11.55,226.32,12.75,1.66,5.9859595,28867.244,9.47,426739.9902,0.35045084,3.191043886,6350.65271,49.0,1219090.0,-30.559482,22.937506,14.782844881208613,0.05103393425236346,3048.2834212983284,4013.1000000000004,-0.0012195121951218413,0.07474938996473712
South Africa,2009,82.6,75.4,19.32,100000.0,10.97,218.17,11.57,1.86,5.798791,28399.283,9.74,404200.0122,0.38785627,-1.538089135,6532.736968,49.0,1219090.0,-30.559482,22.937506,14.232754122700914,0.0502818902690332,2915.737474302713,4047.3999999999996,0.008547008547008517,-0.05281899638568255
South Africa,2010,82.9,77.1,19.38,261160000.0,11.77,227.57,12.9,2.51,6.342086,28247.576,8.83,425309.9976,0.31502998,3.039732881,8148.961202,49.0,1219090.0,-30.559482,22.937506,15.056513082750888,0.05172034978246179,3199.0459795787197,4062.1000000000004,0.003631961259080052,0.05222658278781722
South Africa,2011,83.6,78.8,19.17,265140000.0,11.36,229.06,12.94,2.49,6.311096,27552.764,8.7,409260.0098,0.6983461,3.168556279,8810.930651,49.0,1219090.0,-30.559482,22.937506,14.853682548872412,0.0495939928402822,3166.98436777969,4096.4,0.008443908323281013,-0.0377371514673277
South Africa,2012,85.3,80.2,18.98,484730000.0,10.6,226.84,12.4,1.66,5.836447,26770.203,8.14,426779.9988,0.3148212,2.396232385,8222.197279,49.0,1219090.0,-30.559482,22.937506,15.94235197992335,0.046728971962596226,3288.7227272323253,4179.7,0.020334928229665206,0.04280894438858507
South Africa,2013,85.2,81.5,27.93,409200000.0,9.77,223.28,13.61,1.62,6.3854766,26525.145,7.88,436920.0134,0.370654,2.485468008,7467.079185,49.0,1219090.0,-30.559482,22.937506,16.471918000825255,0.04375671802219466,3366.1351522415466,4174.8,-0.0011723329425555873,0.02375934820870529
South Africa,2014,85.9,82.65,49.69,202270000.0,9.85,218.42,14.76,3.38,7.668245,26411.893,8.2,447929.9927,0.81809825,1.413826452,6988.808739,49.0,1219090.0,-30.559482,22.937506,16.959405094515567,0.04509660287517393,3220.96256093633,4209.1,0.008215962441314506,0.025199072970640835
South Africa,2015,85.3,83.4,61.91,725580000.0,10.28,214.88,10.97,6.09,7.3553505,25352.562,7.58,424809.9976,1.2246652,1.321862237,6259.839681,49.0,1219090.0,-30.559482,22.937506,16.756097375878618,0.04784065524941929,3344.665171459833,4179.7,-0.006984866123399436,-0.05161519763532463
South Africa,2016,83.9,84.4,82.73,201750000.0,10.53,213.09,15.21,7.69,9.703801,26236.475,7.91,425140.0146,1.6210166,0.664552308,5756.965741,49.0,1219090.0,-30.559482,22.937506,16.204159080059345,0.0494157398282184,3316.8742098190028,4111.1,-0.016412661195779554,0.0007768578937983328
South Africa,2017,84.4,85.2,114.85,26330000.0,10.45,212.77,15.09,10.04,10.563262,26033.504,7.86,435649.9939,2.406186,1.157946952,6690.939847,49.0,1219090.0,-30.559482,22.937506,16.734205042087304,0.04911406683270709,3312.1506360901762,4135.6,0.005959475566150285,0.024721218749283125
South Africa,2018,84.7,85.7,136.82,378180000.0,10.19,214.25,10.56,12.22,9.610598,24742.117,7.73,434350.0061,2.6591578,1.487617373,7005.095413,49.0,1219090.0,-30.559482,22.937506,17.555086579697285,0.04756126021001281,3200.791332429485,4150.3,0.0035545023696681444,-0.002984018864231608
South Africa,2019,85.0,86.3,136.8,164100000.0,10.5,208.39,13.6,12.57,11.15706,25511.209,8.03,439640.0146,2.6449363,0.113053697,6624.761865,49.0,1219090.0,-30.559482,22.937506,17.233209707936616,0.050386294927755475,3176.9874221273103,4165.0,0.0035419126328217754,0.0121791376210596
South Africa,2020,84.38554,86.8,162.5,94224000.0,32.63816497829233,197.5,11.62,12.83,11.015995,23568.951,5.3073450588901805,159866.46268574602,3.150246,-6.431974826,5655.867654,49.0,1219090.0,-30.559482,22.937506,6.782926515725966,0.1652565315355737,4440.817534574326,4134.891460000001,-0.007228941176470549,-0.6363696265655023
United States,2000,100.0,100.0,113.13749816041205,94224000.0,5.43,2697.28,753.89,350.93,29.05815,93999.86,6.73,5775810.0,4.027357,4.127484017,36334.90878,36.0,9833517.0,37.09024,-95.712891,61.44487874769175,0.0020131391624153955,13967.289747192164,3600.0,0.0,0.0
United States,2001,100.0,100.0,113.13749816041205,94224000.0,4.68,2678.68,768.83,280.06,28.138706,90772.18,6.54,5748260.0,3.421371,0.998340792,37133.24281,36.0,9833517.0,37.09024,-95.712891,63.32623056976268,0.0017471291830303826,13879.538226087469,3600.0,0.0,-0.0047698937465048274
United States,2002,100.0,100.0,113.13749816041205,94224000.0,4.84,2727.83,780.06,336.34,29.040926,91201.06,6.5,5593029.785,4.0155067,1.741695251,38023.16111,36.0,9833517.0,37.09024,-95.712891,61.32636819133462,0.0017743041171919887,14030.932307476447,3600.0,0.0,-0.027004730996858184
United States,2003,100.0,100.0,113.13749816041205,94224000.0,5.33,2756.03,763.73,349.18,28.765244,90619.11,6.33,5658990.234,4.1800404,2.861210768,39496.48588,36.0,9833517.0,37.09024,-95.712891,62.44808886337551,0.0019339412125411574,14315.81516565062,3600.0,0.0,0.011793330544546787
United States,2004,100.0,100.0,113.13749816041205,94224000.0,5.48,2818.28,788.53,345.14,28.686348,91504.484,6.22,5738290.039,4.1015115,3.798891125,41712.80107,36.0,9833517.0,37.09024,-95.712891,62.71047918263765,0.0019444483869593531,14711.33183256091,3600.0,0.0,0.014013066239901839
United States,2005,100.0,100.0,113.13749816041205,94224000.0,5.84,2899.96,781.99,353.04,28.129686,90654.53,6.04,5753490.234,4.219231,3.513213799,44114.74778,36.0,9833517.0,37.09024,-95.712891,63.46610846694589,0.0020138208802879345,15009.02814544687,3600.0,0.0,0.002648906712050536
United States,2006,100.0,100.0,113.13749816041205,94224000.0,6.4,2878.56,787.22,381.16,28.870703,89067.04,5.82,5653080.078,4.6788607,2.854972294,46298.73144,36.0,9833517.0,37.09024,-95.712891,63.46994441490365,0.0022233338891667286,15303.615120011964,3600.0,0.0,-0.017452042484860875
United States,2007,100.0,100.0,113.13749816041205,94224000.0,6.3,2988.24,806.42,347.91,27.865068,89395.14,5.81,5736319.824,4.3730087,1.876171454,47975.9677,36.0,9833517.0,37.09024,-95.712891,64.16813961027411,0.002108264396433951,15386.42684999335,3600.0,0.0,0.014724671303338432
United States,2008,100.0,100.0,113.13749816041205,94224000.0,6.85,2924.21,806.21,377.11,28.808554,86378.65,5.67,5558379.883,5.0045505,-0.136579803,48382.55845,36.0,9833517.0,37.09024,-95.712891,64.34900155304581,0.0023425130206106144,15234.329805727788,3600.0,0.0,-0.031019877980917765
United States,2009,100.0,100.0,113.13749816041205,94224000.0,7.35,2725.41,798.85,415.56,30.823996,81376.18,5.53,5156430.176,5.8000064,-2.536757067,47099.98047,36.0,9833517.0,37.09024,-95.712891,63.365350597681044,0.002696841943047002,14715.403254706773,3600.0,0.0,-0.07231418425166325
United States,2010,100.0,100.0,113.13749816041205,94224000.0,7.44,2882.49,806.97,424.48,29.93359,83397.48,5.52,5392109.863,5.8405547,2.56376656,48466.6576,36.0,9833517.0,37.09024,-95.712891,64.65554910052438,0.002581101755773565,15108.239130161082,3600.0,0.0,0.0457059785463485
United States,2011,100.0,100.0,113.13749816041205,94224000.0,8.36,2788.93,790.2,509.74,31.792154,81962.36,5.36,5173600.098,6.8973193,1.550835505,49882.55813,36.0,9833517.0,37.09024,-95.712891,63.12165850275663,0.002997565374534212,15291.485074341575,3600.0,0.0,-0.04052398236530508
United States,2012,100.0,100.0,113.13749816041205,94224000.0,8.73,2779.02,769.33,492.32,31.223783,79102.34,5.15,4956060.059,6.886334,2.249545852,51602.93105,36.0,9833517.0,37.09024,-95.712891,62.653773061580736,0.003141395168080721,15359.677669604665,3600.0,0.0,-0.04204809704640611
United States,2013,100.0,100.0,113.13749816041205,94224000.0,9.08,2746.21,789.02,520.38,32.28614,80556.516,5.15,5092100.098,7.1346164,1.842081071,53106.53677,36.0,9833517.0,37.09024,-95.712891,63.21152342288487,0.0033063749676826132,15642.041941443844,3600.0,0.0,0.027449231320947565
United States,2014,100.0,100.0,113.13749816041205,94224000.0,9.22,2752.01,797.17,546.83,32.81242,80725.086,5.08,5107209.961,7.262891,2.525973446,55049.98833,36.0,9833517.0,37.09024,-95.712891,63.26670201379532,0.003350278523697103,15890.76496031711,3600.0,0.0,0.0029673146067836775
United States,2015,100.0,100.0,113.13749816041205,94224000.0,9.03,2730.32,797.18,556.49,33.14577,79317.37,4.88,4990709.961,7.468743,3.07551465,56863.3715,36.0,9833517.0,37.09024,-95.712891,62.92076957418029,0.0033073046382840355,16253.559425896443,3600.0,0.0,-0.022810889093971998
United States,2016,100.0,100.0,113.13749816041205,94224000.0,9.46,2656.96,805.69,624.91,34.998875,78613.54,4.74,4894500.0,8.285086,1.711426774,58021.4005,36.0,9833517.0,37.09024,-95.712891,62.26026712446737,0.0035604600746716717,16585.135020747148,3600.0,0.0,-0.019277810522317362
United States,2017,100.0,100.0,113.13749816041205,94224000.0,9.92,2540.17,804.95,707.19,37.315506,78289.01,4.62,4819370.117,9.082049,2.332679395,60109.65573,36.0,9833517.0,37.09024,-95.712891,61.55870558332517,0.0039052504359942874,16945.67315980637,3600.0,0.0,-0.015349858616814815
United States,2018,100.0,100.0,113.13749816041205,94224000.0,10.12,2661.3,807.08,733.17,36.659092,80583.34,4.61,4975310.059,8.964939,2.996464352,63064.41841,36.0,9833517.0,37.09024,-95.712891,61.74117452813448,0.0038026528388380183,17480.117136280256,3600.0,0.0,0.032356913499947515
United States,2019,100.0,100.0,113.13749816041205,94224000.0,10.42,2588.21,809.41,760.76,37.75918,79489.016,4.51,4817720.215,9.315263,2.161176515,65279.52903,36.0,9833517.0,37.09024,-95.712891,60.60862817826302,0.004025948435405009,17625.05897965355,3600.0,0.0,-0.03167437649738658
United States,2020,100.0,100.0,113.13749816041205,94224000.0,32.63816497829233,2431.9,789.88,821.4,39.8518,73236.14,5.3073450588901805,159866.46268574602,10.532232,-3.404591573,63593.44362,36.0,9833517.0,37.09024,-95.712891,2.1828903419233456,0.0134208499437851,13799.016115589537,3600.0,0.0,-0.9668169890422443
